name, Feijoa
user, fracpete@waikato.ac.nz
description, 
num_records, 6
num_samples, 3
num_auto_attributes, 8
num_custom_attributes, 1
num_wavelengths, 331
wavelengths_start, 740
wavelengths_resolution, 1
id,sample_id,sampling_time,blah,device_id,comment,temperature,location,outlier,spectrum_0 + 740,spectrum_1 + 740,spectrum_2 + 740,spectrum_3 + 740,spectrum_4 + 740,spectrum_5 + 740,spectrum_6 + 740,spectrum_7 + 740,spectrum_8 + 740,spectrum_9 + 740,spectrum_10 + 740,spectrum_11 + 740,spectrum_12 + 740,spectrum_13 + 740,spectrum_14 + 740,spectrum_15 + 740,spectrum_16 + 740,spectrum_17 + 740,spectrum_18 + 740,spectrum_19 + 740,spectrum_20 + 740,spectrum_21 + 740,spectrum_22 + 740,spectrum_23 + 740,spectrum_24 + 740,spectrum_25 + 740,spectrum_26 + 740,spectrum_27 + 740,spectrum_28 + 740,spectrum_29 + 740,spectrum_30 + 740,spectrum_31 + 740,spectrum_32 + 740,spectrum_33 + 740,spectrum_34 + 740,spectrum_35 + 740,spectrum_36 + 740,spectrum_37 + 740,spectrum_38 + 740,spectrum_39 + 740,spectrum_40 + 740,spectrum_41 + 740,spectrum_42 + 740,spectrum_43 + 740,spectrum_44 + 740,spectrum_45 + 740,spectrum_46 + 740,spectrum_47 + 740,spectrum_48 + 740,spectrum_49 + 740,spectrum_50 + 740,spectrum_51 + 740,spectrum_52 + 740,spectrum_53 + 740,spectrum_54 + 740,spectrum_55 + 740,spectrum_56 + 740,spectrum_57 + 740,spectrum_58 + 740,spectrum_59 + 740,spectrum_60 + 740,spectrum_61 + 740,spectrum_62 + 740,spectrum_63 + 740,spectrum_64 + 740,spectrum_65 + 740,spectrum_66 + 740,spectrum_67 + 740,spectrum_68 + 740,spectrum_69 + 740,spectrum_70 + 740,spectrum_71 + 740,spectrum_72 + 740,spectrum_73 + 740,spectrum_74 + 740,spectrum_75 + 740,spectrum_76 + 740,spectrum_77 + 740,spectrum_78 + 740,spectrum_79 + 740,spectrum_80 + 740,spectrum_81 + 740,spectrum_82 + 740,spectrum_83 + 740,spectrum_84 + 740,spectrum_85 + 740,spectrum_86 + 740,spectrum_87 + 740,spectrum_88 + 740,spectrum_89 + 740,spectrum_90 + 740,spectrum_91 + 740,spectrum_92 + 740,spectrum_93 + 740,spectrum_94 + 740,spectrum_95 + 740,spectrum_96 + 740,spectrum_97 + 740,spectrum_98 + 740,spectrum_99 + 740,spectrum_100 + 740,spectrum_101 + 740,spectrum_102 + 740,spectrum_103 + 740,spectrum_104 + 740,spectrum_105 + 740,spectrum_106 + 740,spectrum_107 + 740,spectrum_108 + 740,spectrum_109 + 740,spectrum_110 + 740,spectrum_111 + 740,spectrum_112 + 740,spectrum_113 + 740,spectrum_114 + 740,spectrum_115 + 740,spectrum_116 + 740,spectrum_117 + 740,spectrum_118 + 740,spectrum_119 + 740,spectrum_120 + 740,spectrum_121 + 740,spectrum_122 + 740,spectrum_123 + 740,spectrum_124 + 740,spectrum_125 + 740,spectrum_126 + 740,spectrum_127 + 740,spectrum_128 + 740,spectrum_129 + 740,spectrum_130 + 740,spectrum_131 + 740,spectrum_132 + 740,spectrum_133 + 740,spectrum_134 + 740,spectrum_135 + 740,spectrum_136 + 740,spectrum_137 + 740,spectrum_138 + 740,spectrum_139 + 740,spectrum_140 + 740,spectrum_141 + 740,spectrum_142 + 740,spectrum_143 + 740,spectrum_144 + 740,spectrum_145 + 740,spectrum_146 + 740,spectrum_147 + 740,spectrum_148 + 740,spectrum_149 + 740,spectrum_150 + 740,spectrum_151 + 740,spectrum_152 + 740,spectrum_153 + 740,spectrum_154 + 740,spectrum_155 + 740,spectrum_156 + 740,spectrum_157 + 740,spectrum_158 + 740,spectrum_159 + 740,spectrum_160 + 740,spectrum_161 + 740,spectrum_162 + 740,spectrum_163 + 740,spectrum_164 + 740,spectrum_165 + 740,spectrum_166 + 740,spectrum_167 + 740,spectrum_168 + 740,spectrum_169 + 740,spectrum_170 + 740,spectrum_171 + 740,spectrum_172 + 740,spectrum_173 + 740,spectrum_174 + 740,spectrum_175 + 740,spectrum_176 + 740,spectrum_177 + 740,spectrum_178 + 740,spectrum_179 + 740,spectrum_180 + 740,spectrum_181 + 740,spectrum_182 + 740,spectrum_183 + 740,spectrum_184 + 740,spectrum_185 + 740,spectrum_186 + 740,spectrum_187 + 740,spectrum_188 + 740,spectrum_189 + 740,spectrum_190 + 740,spectrum_191 + 740,spectrum_192 + 740,spectrum_193 + 740,spectrum_194 + 740,spectrum_195 + 740,spectrum_196 + 740,spectrum_197 + 740,spectrum_198 + 740,spectrum_199 + 740,spectrum_200 + 740,spectrum_201 + 740,spectrum_202 + 740,spectrum_203 + 740,spectrum_204 + 740,spectrum_205 + 740,spectrum_206 + 740,spectrum_207 + 740,spectrum_208 + 740,spectrum_209 + 740,spectrum_210 + 740,spectrum_211 + 740,spectrum_212 + 740,spectrum_213 + 740,spectrum_214 + 740,spectrum_215 + 740,spectrum_216 + 740,spectrum_217 + 740,spectrum_218 + 740,spectrum_219 + 740,spectrum_220 + 740,spectrum_221 + 740,spectrum_222 + 740,spectrum_223 + 740,spectrum_224 + 740,spectrum_225 + 740,spectrum_226 + 740,spectrum_227 + 740,spectrum_228 + 740,spectrum_229 + 740,spectrum_230 + 740,spectrum_231 + 740,spectrum_232 + 740,spectrum_233 + 740,spectrum_234 + 740,spectrum_235 + 740,spectrum_236 + 740,spectrum_237 + 740,spectrum_238 + 740,spectrum_239 + 740,spectrum_240 + 740,spectrum_241 + 740,spectrum_242 + 740,spectrum_243 + 740,spectrum_244 + 740,spectrum_245 + 740,spectrum_246 + 740,spectrum_247 + 740,spectrum_248 + 740,spectrum_249 + 740,spectrum_250 + 740,spectrum_251 + 740,spectrum_252 + 740,spectrum_253 + 740,spectrum_254 + 740,spectrum_255 + 740,spectrum_256 + 740,spectrum_257 + 740,spectrum_258 + 740,spectrum_259 + 740,spectrum_260 + 740,spectrum_261 + 740,spectrum_262 + 740,spectrum_263 + 740,spectrum_264 + 740,spectrum_265 + 740,spectrum_266 + 740,spectrum_267 + 740,spectrum_268 + 740,spectrum_269 + 740,spectrum_270 + 740,spectrum_271 + 740,spectrum_272 + 740,spectrum_273 + 740,spectrum_274 + 740,spectrum_275 + 740,spectrum_276 + 740,spectrum_277 + 740,spectrum_278 + 740,spectrum_279 + 740,spectrum_280 + 740,spectrum_281 + 740,spectrum_282 + 740,spectrum_283 + 740,spectrum_284 + 740,spectrum_285 + 740,spectrum_286 + 740,spectrum_287 + 740,spectrum_288 + 740,spectrum_289 + 740,spectrum_290 + 740,spectrum_291 + 740,spectrum_292 + 740,spectrum_293 + 740,spectrum_294 + 740,spectrum_295 + 740,spectrum_296 + 740,spectrum_297 + 740,spectrum_298 + 740,spectrum_299 + 740,spectrum_300 + 740,spectrum_301 + 740,spectrum_302 + 740,spectrum_303 + 740,spectrum_304 + 740,spectrum_305 + 740,spectrum_306 + 740,spectrum_307 + 740,spectrum_308 + 740,spectrum_309 + 740,spectrum_310 + 740,spectrum_311 + 740,spectrum_312 + 740,spectrum_313 + 740,spectrum_314 + 740,spectrum_315 + 740,spectrum_316 + 740,spectrum_317 + 740,spectrum_318 + 740,spectrum_319 + 740,spectrum_320 + 740,spectrum_321 + 740,spectrum_322 + 740,spectrum_323 + 740,spectrum_324 + 740,spectrum_325 + 740,spectrum_326 + 740,spectrum_327 + 740,spectrum_328 + 740,spectrum_329 + 740,spectrum_330 + 740,wr_raw_0 + 740,wr_raw_1 + 740,wr_raw_2 + 740,wr_raw_3 + 740,wr_raw_4 + 740,wr_raw_5 + 740,wr_raw_6 + 740,wr_raw_7 + 740,wr_raw_8 + 740,wr_raw_9 + 740,wr_raw_10 + 740,wr_raw_11 + 740,wr_raw_12 + 740,wr_raw_13 + 740,wr_raw_14 + 740,wr_raw_15 + 740,wr_raw_16 + 740,wr_raw_17 + 740,wr_raw_18 + 740,wr_raw_19 + 740,wr_raw_20 + 740,wr_raw_21 + 740,wr_raw_22 + 740,wr_raw_23 + 740,wr_raw_24 + 740,wr_raw_25 + 740,wr_raw_26 + 740,wr_raw_27 + 740,wr_raw_28 + 740,wr_raw_29 + 740,wr_raw_30 + 740,wr_raw_31 + 740,wr_raw_32 + 740,wr_raw_33 + 740,wr_raw_34 + 740,wr_raw_35 + 740,wr_raw_36 + 740,wr_raw_37 + 740,wr_raw_38 + 740,wr_raw_39 + 740,wr_raw_40 + 740,wr_raw_41 + 740,wr_raw_42 + 740,wr_raw_43 + 740,wr_raw_44 + 740,wr_raw_45 + 740,wr_raw_46 + 740,wr_raw_47 + 740,wr_raw_48 + 740,wr_raw_49 + 740,wr_raw_50 + 740,wr_raw_51 + 740,wr_raw_52 + 740,wr_raw_53 + 740,wr_raw_54 + 740,wr_raw_55 + 740,wr_raw_56 + 740,wr_raw_57 + 740,wr_raw_58 + 740,wr_raw_59 + 740,wr_raw_60 + 740,wr_raw_61 + 740,wr_raw_62 + 740,wr_raw_63 + 740,wr_raw_64 + 740,wr_raw_65 + 740,wr_raw_66 + 740,wr_raw_67 + 740,wr_raw_68 + 740,wr_raw_69 + 740,wr_raw_70 + 740,wr_raw_71 + 740,wr_raw_72 + 740,wr_raw_73 + 740,wr_raw_74 + 740,wr_raw_75 + 740,wr_raw_76 + 740,wr_raw_77 + 740,wr_raw_78 + 740,wr_raw_79 + 740,wr_raw_80 + 740,wr_raw_81 + 740,wr_raw_82 + 740,wr_raw_83 + 740,wr_raw_84 + 740,wr_raw_85 + 740,wr_raw_86 + 740,wr_raw_87 + 740,wr_raw_88 + 740,wr_raw_89 + 740,wr_raw_90 + 740,wr_raw_91 + 740,wr_raw_92 + 740,wr_raw_93 + 740,wr_raw_94 + 740,wr_raw_95 + 740,wr_raw_96 + 740,wr_raw_97 + 740,wr_raw_98 + 740,wr_raw_99 + 740,wr_raw_100 + 740,wr_raw_101 + 740,wr_raw_102 + 740,wr_raw_103 + 740,wr_raw_104 + 740,wr_raw_105 + 740,wr_raw_106 + 740,wr_raw_107 + 740,wr_raw_108 + 740,wr_raw_109 + 740,wr_raw_110 + 740,wr_raw_111 + 740,wr_raw_112 + 740,wr_raw_113 + 740,wr_raw_114 + 740,wr_raw_115 + 740,wr_raw_116 + 740,wr_raw_117 + 740,wr_raw_118 + 740,wr_raw_119 + 740,wr_raw_120 + 740,wr_raw_121 + 740,wr_raw_122 + 740,wr_raw_123 + 740,wr_raw_124 + 740,wr_raw_125 + 740,wr_raw_126 + 740,wr_raw_127 + 740,wr_raw_128 + 740,wr_raw_129 + 740,wr_raw_130 + 740,wr_raw_131 + 740,wr_raw_132 + 740,wr_raw_133 + 740,wr_raw_134 + 740,wr_raw_135 + 740,wr_raw_136 + 740,wr_raw_137 + 740,wr_raw_138 + 740,wr_raw_139 + 740,wr_raw_140 + 740,wr_raw_141 + 740,wr_raw_142 + 740,wr_raw_143 + 740,wr_raw_144 + 740,wr_raw_145 + 740,wr_raw_146 + 740,wr_raw_147 + 740,wr_raw_148 + 740,wr_raw_149 + 740,wr_raw_150 + 740,wr_raw_151 + 740,wr_raw_152 + 740,wr_raw_153 + 740,wr_raw_154 + 740,wr_raw_155 + 740,wr_raw_156 + 740,wr_raw_157 + 740,wr_raw_158 + 740,wr_raw_159 + 740,wr_raw_160 + 740,wr_raw_161 + 740,wr_raw_162 + 740,wr_raw_163 + 740,wr_raw_164 + 740,wr_raw_165 + 740,wr_raw_166 + 740,wr_raw_167 + 740,wr_raw_168 + 740,wr_raw_169 + 740,wr_raw_170 + 740,wr_raw_171 + 740,wr_raw_172 + 740,wr_raw_173 + 740,wr_raw_174 + 740,wr_raw_175 + 740,wr_raw_176 + 740,wr_raw_177 + 740,wr_raw_178 + 740,wr_raw_179 + 740,wr_raw_180 + 740,wr_raw_181 + 740,wr_raw_182 + 740,wr_raw_183 + 740,wr_raw_184 + 740,wr_raw_185 + 740,wr_raw_186 + 740,wr_raw_187 + 740,wr_raw_188 + 740,wr_raw_189 + 740,wr_raw_190 + 740,wr_raw_191 + 740,wr_raw_192 + 740,wr_raw_193 + 740,wr_raw_194 + 740,wr_raw_195 + 740,wr_raw_196 + 740,wr_raw_197 + 740,wr_raw_198 + 740,wr_raw_199 + 740,wr_raw_200 + 740,wr_raw_201 + 740,wr_raw_202 + 740,wr_raw_203 + 740,wr_raw_204 + 740,wr_raw_205 + 740,wr_raw_206 + 740,wr_raw_207 + 740,wr_raw_208 + 740,wr_raw_209 + 740,wr_raw_210 + 740,wr_raw_211 + 740,wr_raw_212 + 740,wr_raw_213 + 740,wr_raw_214 + 740,wr_raw_215 + 740,wr_raw_216 + 740,wr_raw_217 + 740,wr_raw_218 + 740,wr_raw_219 + 740,wr_raw_220 + 740,wr_raw_221 + 740,wr_raw_222 + 740,wr_raw_223 + 740,wr_raw_224 + 740,wr_raw_225 + 740,wr_raw_226 + 740,wr_raw_227 + 740,wr_raw_228 + 740,wr_raw_229 + 740,wr_raw_230 + 740,wr_raw_231 + 740,wr_raw_232 + 740,wr_raw_233 + 740,wr_raw_234 + 740,wr_raw_235 + 740,wr_raw_236 + 740,wr_raw_237 + 740,wr_raw_238 + 740,wr_raw_239 + 740,wr_raw_240 + 740,wr_raw_241 + 740,wr_raw_242 + 740,wr_raw_243 + 740,wr_raw_244 + 740,wr_raw_245 + 740,wr_raw_246 + 740,wr_raw_247 + 740,wr_raw_248 + 740,wr_raw_249 + 740,wr_raw_250 + 740,wr_raw_251 + 740,wr_raw_252 + 740,wr_raw_253 + 740,wr_raw_254 + 740,wr_raw_255 + 740,wr_raw_256 + 740,wr_raw_257 + 740,wr_raw_258 + 740,wr_raw_259 + 740,wr_raw_260 + 740,wr_raw_261 + 740,wr_raw_262 + 740,wr_raw_263 + 740,wr_raw_264 + 740,wr_raw_265 + 740,wr_raw_266 + 740,wr_raw_267 + 740,wr_raw_268 + 740,wr_raw_269 + 740,wr_raw_270 + 740,wr_raw_271 + 740,wr_raw_272 + 740,wr_raw_273 + 740,wr_raw_274 + 740,wr_raw_275 + 740,wr_raw_276 + 740,wr_raw_277 + 740,wr_raw_278 + 740,wr_raw_279 + 740,wr_raw_280 + 740,wr_raw_281 + 740,wr_raw_282 + 740,wr_raw_283 + 740,wr_raw_284 + 740,wr_raw_285 + 740,wr_raw_286 + 740,wr_raw_287 + 740,wr_raw_288 + 740,wr_raw_289 + 740,wr_raw_290 + 740,wr_raw_291 + 740,wr_raw_292 + 740,wr_raw_293 + 740,wr_raw_294 + 740,wr_raw_295 + 740,wr_raw_296 + 740,wr_raw_297 + 740,wr_raw_298 + 740,wr_raw_299 + 740,wr_raw_300 + 740,wr_raw_301 + 740,wr_raw_302 + 740,wr_raw_303 + 740,wr_raw_304 + 740,wr_raw_305 + 740,wr_raw_306 + 740,wr_raw_307 + 740,wr_raw_308 + 740,wr_raw_309 + 740,wr_raw_310 + 740,wr_raw_311 + 740,wr_raw_312 + 740,wr_raw_313 + 740,wr_raw_314 + 740,wr_raw_315 + 740,wr_raw_316 + 740,wr_raw_317 + 740,wr_raw_318 + 740,wr_raw_319 + 740,wr_raw_320 + 740,wr_raw_321 + 740,wr_raw_322 + 740,wr_raw_323 + 740,wr_raw_324 + 740,wr_raw_325 + 740,wr_raw_326 + 740,wr_raw_327 + 740,wr_raw_328 + 740,wr_raw_329 + 740,wr_raw_330 + 740,sample_raw_0 + 740,sample_raw_1 + 740,sample_raw_2 + 740,sample_raw_3 + 740,sample_raw_4 + 740,sample_raw_5 + 740,sample_raw_6 + 740,sample_raw_7 + 740,sample_raw_8 + 740,sample_raw_9 + 740,sample_raw_10 + 740,sample_raw_11 + 740,sample_raw_12 + 740,sample_raw_13 + 740,sample_raw_14 + 740,sample_raw_15 + 740,sample_raw_16 + 740,sample_raw_17 + 740,sample_raw_18 + 740,sample_raw_19 + 740,sample_raw_20 + 740,sample_raw_21 + 740,sample_raw_22 + 740,sample_raw_23 + 740,sample_raw_24 + 740,sample_raw_25 + 740,sample_raw_26 + 740,sample_raw_27 + 740,sample_raw_28 + 740,sample_raw_29 + 740,sample_raw_30 + 740,sample_raw_31 + 740,sample_raw_32 + 740,sample_raw_33 + 740,sample_raw_34 + 740,sample_raw_35 + 740,sample_raw_36 + 740,sample_raw_37 + 740,sample_raw_38 + 740,sample_raw_39 + 740,sample_raw_40 + 740,sample_raw_41 + 740,sample_raw_42 + 740,sample_raw_43 + 740,sample_raw_44 + 740,sample_raw_45 + 740,sample_raw_46 + 740,sample_raw_47 + 740,sample_raw_48 + 740,sample_raw_49 + 740,sample_raw_50 + 740,sample_raw_51 + 740,sample_raw_52 + 740,sample_raw_53 + 740,sample_raw_54 + 740,sample_raw_55 + 740,sample_raw_56 + 740,sample_raw_57 + 740,sample_raw_58 + 740,sample_raw_59 + 740,sample_raw_60 + 740,sample_raw_61 + 740,sample_raw_62 + 740,sample_raw_63 + 740,sample_raw_64 + 740,sample_raw_65 + 740,sample_raw_66 + 740,sample_raw_67 + 740,sample_raw_68 + 740,sample_raw_69 + 740,sample_raw_70 + 740,sample_raw_71 + 740,sample_raw_72 + 740,sample_raw_73 + 740,sample_raw_74 + 740,sample_raw_75 + 740,sample_raw_76 + 740,sample_raw_77 + 740,sample_raw_78 + 740,sample_raw_79 + 740,sample_raw_80 + 740,sample_raw_81 + 740,sample_raw_82 + 740,sample_raw_83 + 740,sample_raw_84 + 740,sample_raw_85 + 740,sample_raw_86 + 740,sample_raw_87 + 740,sample_raw_88 + 740,sample_raw_89 + 740,sample_raw_90 + 740,sample_raw_91 + 740,sample_raw_92 + 740,sample_raw_93 + 740,sample_raw_94 + 740,sample_raw_95 + 740,sample_raw_96 + 740,sample_raw_97 + 740,sample_raw_98 + 740,sample_raw_99 + 740,sample_raw_100 + 740,sample_raw_101 + 740,sample_raw_102 + 740,sample_raw_103 + 740,sample_raw_104 + 740,sample_raw_105 + 740,sample_raw_106 + 740,sample_raw_107 + 740,sample_raw_108 + 740,sample_raw_109 + 740,sample_raw_110 + 740,sample_raw_111 + 740,sample_raw_112 + 740,sample_raw_113 + 740,sample_raw_114 + 740,sample_raw_115 + 740,sample_raw_116 + 740,sample_raw_117 + 740,sample_raw_118 + 740,sample_raw_119 + 740,sample_raw_120 + 740,sample_raw_121 + 740,sample_raw_122 + 740,sample_raw_123 + 740,sample_raw_124 + 740,sample_raw_125 + 740,sample_raw_126 + 740,sample_raw_127 + 740,sample_raw_128 + 740,sample_raw_129 + 740,sample_raw_130 + 740,sample_raw_131 + 740,sample_raw_132 + 740,sample_raw_133 + 740,sample_raw_134 + 740,sample_raw_135 + 740,sample_raw_136 + 740,sample_raw_137 + 740,sample_raw_138 + 740,sample_raw_139 + 740,sample_raw_140 + 740,sample_raw_141 + 740,sample_raw_142 + 740,sample_raw_143 + 740,sample_raw_144 + 740,sample_raw_145 + 740,sample_raw_146 + 740,sample_raw_147 + 740,sample_raw_148 + 740,sample_raw_149 + 740,sample_raw_150 + 740,sample_raw_151 + 740,sample_raw_152 + 740,sample_raw_153 + 740,sample_raw_154 + 740,sample_raw_155 + 740,sample_raw_156 + 740,sample_raw_157 + 740,sample_raw_158 + 740,sample_raw_159 + 740,sample_raw_160 + 740,sample_raw_161 + 740,sample_raw_162 + 740,sample_raw_163 + 740,sample_raw_164 + 740,sample_raw_165 + 740,sample_raw_166 + 740,sample_raw_167 + 740,sample_raw_168 + 740,sample_raw_169 + 740,sample_raw_170 + 740,sample_raw_171 + 740,sample_raw_172 + 740,sample_raw_173 + 740,sample_raw_174 + 740,sample_raw_175 + 740,sample_raw_176 + 740,sample_raw_177 + 740,sample_raw_178 + 740,sample_raw_179 + 740,sample_raw_180 + 740,sample_raw_181 + 740,sample_raw_182 + 740,sample_raw_183 + 740,sample_raw_184 + 740,sample_raw_185 + 740,sample_raw_186 + 740,sample_raw_187 + 740,sample_raw_188 + 740,sample_raw_189 + 740,sample_raw_190 + 740,sample_raw_191 + 740,sample_raw_192 + 740,sample_raw_193 + 740,sample_raw_194 + 740,sample_raw_195 + 740,sample_raw_196 + 740,sample_raw_197 + 740,sample_raw_198 + 740,sample_raw_199 + 740,sample_raw_200 + 740,sample_raw_201 + 740,sample_raw_202 + 740,sample_raw_203 + 740,sample_raw_204 + 740,sample_raw_205 + 740,sample_raw_206 + 740,sample_raw_207 + 740,sample_raw_208 + 740,sample_raw_209 + 740,sample_raw_210 + 740,sample_raw_211 + 740,sample_raw_212 + 740,sample_raw_213 + 740,sample_raw_214 + 740,sample_raw_215 + 740,sample_raw_216 + 740,sample_raw_217 + 740,sample_raw_218 + 740,sample_raw_219 + 740,sample_raw_220 + 740,sample_raw_221 + 740,sample_raw_222 + 740,sample_raw_223 + 740,sample_raw_224 + 740,sample_raw_225 + 740,sample_raw_226 + 740,sample_raw_227 + 740,sample_raw_228 + 740,sample_raw_229 + 740,sample_raw_230 + 740,sample_raw_231 + 740,sample_raw_232 + 740,sample_raw_233 + 740,sample_raw_234 + 740,sample_raw_235 + 740,sample_raw_236 + 740,sample_raw_237 + 740,sample_raw_238 + 740,sample_raw_239 + 740,sample_raw_240 + 740,sample_raw_241 + 740,sample_raw_242 + 740,sample_raw_243 + 740,sample_raw_244 + 740,sample_raw_245 + 740,sample_raw_246 + 740,sample_raw_247 + 740,sample_raw_248 + 740,sample_raw_249 + 740,sample_raw_250 + 740,sample_raw_251 + 740,sample_raw_252 + 740,sample_raw_253 + 740,sample_raw_254 + 740,sample_raw_255 + 740,sample_raw_256 + 740,sample_raw_257 + 740,sample_raw_258 + 740,sample_raw_259 + 740,sample_raw_260 + 740,sample_raw_261 + 740,sample_raw_262 + 740,sample_raw_263 + 740,sample_raw_264 + 740,sample_raw_265 + 740,sample_raw_266 + 740,sample_raw_267 + 740,sample_raw_268 + 740,sample_raw_269 + 740,sample_raw_270 + 740,sample_raw_271 + 740,sample_raw_272 + 740,sample_raw_273 + 740,sample_raw_274 + 740,sample_raw_275 + 740,sample_raw_276 + 740,sample_raw_277 + 740,sample_raw_278 + 740,sample_raw_279 + 740,sample_raw_280 + 740,sample_raw_281 + 740,sample_raw_282 + 740,sample_raw_283 + 740,sample_raw_284 + 740,sample_raw_285 + 740,sample_raw_286 + 740,sample_raw_287 + 740,sample_raw_288 + 740,sample_raw_289 + 740,sample_raw_290 + 740,sample_raw_291 + 740,sample_raw_292 + 740,sample_raw_293 + 740,sample_raw_294 + 740,sample_raw_295 + 740,sample_raw_296 + 740,sample_raw_297 + 740,sample_raw_298 + 740,sample_raw_299 + 740,sample_raw_300 + 740,sample_raw_301 + 740,sample_raw_302 + 740,sample_raw_303 + 740,sample_raw_304 + 740,sample_raw_305 + 740,sample_raw_306 + 740,sample_raw_307 + 740,sample_raw_308 + 740,sample_raw_309 + 740,sample_raw_310 + 740,sample_raw_311 + 740,sample_raw_312 + 740,sample_raw_313 + 740,sample_raw_314 + 740,sample_raw_315 + 740,sample_raw_316 + 740,sample_raw_317 + 740,sample_raw_318 + 740,sample_raw_319 + 740,sample_raw_320 + 740,sample_raw_321 + 740,sample_raw_322 + 740,sample_raw_323 + 740,sample_raw_324 + 740,sample_raw_325 + 740,sample_raw_326 + 740,sample_raw_327 + 740,sample_raw_328 + 740,sample_raw_329 + 740,sample_raw_330 + 740
int,unicode,datetime,unicode,unicode,NoneType,float,GPS,str,float,float,float,float,float,float,float,float,float,float,float,float,float,float,float,float,float,float,float,float,float,float,float,float,float,float,float,float,float,float,float,float,float,float,float,float,float,float,float,float,float,float,float,float,float,float,float,float,float,float,float,float,float,float,float,float,float,float,float,float,float,float,float,float,float,float,float,float,float,float,float,float,float,float,float,float,float,float,float,float,float,float,float,float,float,float,float,float,float,float,float,float,float,float,float,float,float,float,float,float,float,float,float,float,float,float,float,float,float,float,float,float,float,float,float,float,float,float,float,float,float,float,float,float,float,float,float,float,float,float,float,float,float,float,float,float,float,float,float,float,float,float,float,float,float,float,float,float,float,float,float,float,float,float,float,float,float,float,float,float,float,float,float,float,float,float,float,float,float,float,float,float,float,float,float,float,float,float,float,float,float,float,float,float,float,float,float,float,float,float,float,float,float,float,float,float,float,float,float,float,float,float,float,float,float,float,float,float,float,float,float,float,float,float,float,float,float,float,float,float,float,float,float,float,float,float,float,float,float,float,float,float,float,float,float,float,float,float,float,float,float,float,float,float,float,float,float,float,float,float,float,float,float,float,float,float,float,float,float,float,float,float,float,float,float,float,float,float,float,float,float,float,float,float,float,float,float,float,float,float,float,float,float,float,float,float,float,float,float,float,float,float,float,float,float,float,float,float,float,float,float,float,float,float,float,float,float,float,float,float,float,float,float,float,float,float,float,float,float,float,float,float,float,float,float,float,float,float,float,float,float,float,float,float,float,float,float,float,float,float,float,float,float,float,float,float,float,float,float,float,float,float,float,float,float,float,float,float,float,float,float,float,float,float,float,float,float,float,float,float,float,float,float,float,float,float,float,float,float,float,float,float,float,float,float,float,float,float,float,float,float,float,float,float,float,float,float,float,float,float,float,float,float,float,float,float,float,float,float,float,float,float,float,float,float,float,float,float,float,float,float,float,float,float,float,float,float,float,float,float,float,float,float,float,float,float,float,float,float,float,float,float,float,float,float,float,float,float,float,float,float,float,float,float,float,float,float,float,float,float,float,float,float,float,float,float,float,float,float,float,float,float,float,float,float,float,float,float,float,float,float,float,float,float,float,float,float,float,float,float,float,float,float,float,float,float,float,float,float,float,float,float,float,float,float,float,float,float,float,float,float,float,float,float,float,float,float,float,float,float,float,float,float,float,float,float,float,float,float,float,float,float,float,float,float,float,float,float,float,float,float,float,float,float,float,float,float,float,float,float,float,float,float,float,float,float,float,float,float,float,float,float,float,float,float,float,float,float,float,float,float,float,float,float,float,float,float,float,float,float,float,float,float,float,float,float,float,float,float,float,float,float,float,float,float,float,float,float,float,float,float,float,float,float,float,float,float,float,float,float,float,float,float,float,float,float,float,float,float,float,float,float,float,float,float,float,float,float,float,float,float,float,float,float,float,float,float,float,float,float,float,float,float,float,float,float,float,float,float,float,float,float,float,float,float,float,float,float,float,float,float,float,float,float,float,float,float,float,float,float,float,float,float,float,float,float,float,float,float,float,float,float,float,float,float,float,float,float,float,float,float,float,float,float,float,float,float,float,float,float,float,float,float,float,float,float,float,float,float,float,float,float,float,float,float,float,float,float,float,float,float,float,float,float,float,float,float,float,float,float,float,float,float,float,float,float,float,float,float,float,float,float,float,float,float,float,float,float,float,float,float,float,float,float,float,float,float,float,float,float,float,float,float,float,float,float,float,float,float,float,float,float,float,float,float,float,float,float,float,float,float,float,float,float,float,float,float,float,float,float,float,float,float,float,float,float,float,float,float,float,float,float,float,float,float,float,float,float,float,float,float,float,float,float,float,float,float,float,float,float,float,float,float,float,float,float,float,float,float,float,float,float,float,float,float,float,float,float,float,float,float,float,float,float,float,float,float,float,float,float,float,float,float,float,float,float,float,float,float,float,float,float,float,float,float,float,float,float,float,float,float,float,float,float,float,float,float,float,float,float,float,float,float,float,float,float,float,float,float,float,float,float,float,float,float,float,float,float,float,float,float,float,float,float,float,float,float,float,float,float,float,float,float,float,float,float,float,float,float,float,float,float,float,float,float,float,float,float,float,float,float,float,float,float,float,float,float,float,float,float,float,float,float,float,float,float,float,float,float,float,float,float,float,float,float,float,float,float,float,float,float,float,float,float,float,float,float,float,float,float,float,float,float,float,float,float,float,float,float,float,float,float,float,float,float,float,float,float,float,float,float,float,float
1,d7fecdd1-d794-4dc9-9a5f-4dae2f448567,5/10/17,girf,F02AC39AE134F4D8,None,0,lat -37.7906 lon 175.3175,no,0.628586520282,0.630724492892,0.632847100848,0.634966329817,0.6370829268,0.639155497385,0.641111002252,0.642899613352,0.644524369102,0.645999831476,0.647344144704,0.648628407916,0.649795812179,0.650804703487,0.651660663605,0.652411315165,0.653105899706,0.653765683304,0.654367162686,0.654875247958,0.655278760154,0.655613580073,0.655935884913,0.656282326526,0.656641976067,0.656977245738,0.657259835687,0.657486542154,0.657689269356,0.657908514188,0.658163624513,0.658440577786,0.658705369915,0.658925933323,0.659099894422,0.659244921013,0.659393273586,0.659577336364,0.659805377261,0.660069230562,0.660342267595,0.660598795848,0.660833860695,0.661064365309,0.661318461473,0.661616680002,0.6619448686,0.662266321347,0.662538665217,0.662749684191,0.662914845423,0.663074355849,0.663255044065,0.663461415829,0.663666471917,0.663845338976,0.663993004381,0.664133481164,0.664303539162,0.66451341404,0.664751289601,0.66498420098,0.665181566774,0.665340539948,0.665479634911,0.665619529752,0.665769254438,0.665915887737,0.666037529803,0.66611842707,0.666167789441,0.666201459295,0.666239573359,0.666276843234,0.666294161827,0.66626297565,0.666176992404,0.666045736459,0.665899303688,0.665767432699,0.665642825017,0.665494444821,0.665275101281,0.66494789516,0.664513646371,0.663998022292,0.663423607198,0.662801052763,0.662115236674,0.661350955887,0.660529118877,0.659702535476,0.658944795741,0.658313123998,0.657811728688,0.657409132553,0.657061217536,0.65674115156,0.656448245634,0.656198916852,0.655997435539,0.655829263966,0.655659947985,0.655460614863,0.655227168027,0.654977887359,0.654747755097,0.654552901084,0.654397473764,0.654263332365,0.654124193205,0.65396471082,0.653784484353,0.653599154812,0.653425485465,0.653275050714,0.653130161255,0.652977683901,0.652795353489,0.652572899685,0.652322177392,0.652054373412,0.651785869713,0.651524021772,0.65126859604,0.651016661167,0.650773848965,0.650542805669,0.650329173973,0.650136622296,0.649954618541,0.649775781808,0.649583398343,0.649359961334,0.649088915435,0.648764113066,0.648389248169,0.647985870514,0.647578483793,0.647183262727,0.646800793586,0.646418012931,0.646016695597,0.64559259595,0.645147727678,0.6446969105,0.644253007355,0.643807192776,0.643342183591,0.642841675887,0.642306646113,0.641762486144,0.641244813204,0.64077929618,0.640373265242,0.639998590891,0.639616043322,0.639209442247,0.638783339916,0.638366939706,0.637981064472,0.637618008657,0.637249465529,0.636831967868,0.636348385424,0.635809299481,0.635251222779,0.63469698907,0.634150553832,0.633591962897,0.632999310362,0.632369587086,0.631712486763,0.631051878991,0.630391630205,0.629722328314,0.629013513791,0.62823799319,0.627379083329,0.626425056854,0.625378754343,0.624239259091,0.623015234591,0.621711254518,0.620321441871,0.618831328301,0.617225896553,0.615499003883,0.613670636747,0.611763629918,0.609798001798,0.607771211422,0.60566299505,0.603458980964,0.601176531636,0.598858194595,0.596549482186,0.594257116208,0.591924112576,0.589490459375,0.586905646505,0.58417775906,0.581351024884,0.57846145132,0.575505811815,0.572442500452,0.569213001503,0.56581136056,0.562283257571,0.558695613051,0.555105698424,0.551523035248,0.547923309384,0.544285827492,0.540634654582,0.537048017721,0.533642162229,0.53048060655,0.527598621912,0.524983162574,0.522604220782,0.520456975048,0.51855006595,0.516920200455,0.515574775799,0.514474809775,0.513546844187,0.51274019685,0.512017754329,0.511384445946,0.510857892642,0.510436407293,0.510105180761,0.509810650696,0.509527629734,0.509251102414,0.50900575174,0.50881762292,0.508701460317,0.508649792856,0.508650532192,0.508705271076,0.508832811064,0.509067038153,0.509421622427,0.509891586613,0.510453800137,0.511081768626,0.511759403357,0.512483526402,0.513255759496,0.514070758106,0.514910096785,0.515752260841,0.516585551151,0.517414899235,0.518257836709,0.519132066592,0.52005171592,0.52102345312,0.522047134552,0.52312190818,0.524257336225,0.525461803329,0.52673544028,0.528059853059,0.529411042646,0.53076747879,0.532126004513,0.533498900808,0.534907933361,0.536359956879,0.537839268081,0.539322342843,0.540794014016,0.542272626849,0.543775724652,0.545313236371,0.546862630891,0.54837539401,0.549816839022,0.551200282044,0.552560988497,0.553935914014,0.555337789081,0.556729262357,0.558088047129,0.559410455732,0.560721468564,0.562062082306,0.563431176431,0.564783673038,0.566050286796,0.567197284432,0.56822027578,0.569177419489,0.570110777913,0.571047272316,0.571952422694,0.572849371674,0.573743749463,0.574649157814,0.575632354765,0.5767186458,0.577897316261,0.579107298951,0.580246294292,0.58122554045,0.582081248668,0.582666393707,0.583023446677,0.583260413262,0.58343798546,0.583624732848,0.583914064584,0.584266595321,0.584639336135,0.585008040858,0.585246621295,0.585619391327,0.58621420974,0.587008286362,0.587825494143,0.588518061274,0.588893638549,0.588979242352,0.588957358307,0.588967888085,0.589202268124,0.589538970944,0.589877680737,2529.88,2509.66,2502.46,2506.57,2515.57,2527.03,2538.99,2550.42,2560.09,2567.29,2571.89,2573.69,2573.46,2571.75,2569.47,2566.59,2563.74,2561.16,2558.91,2557.28,2556.05,2554.73,2552.67,2549.04,2543.83,2536.97,2528.63,2519,2508.14,2496.28,2483.46,2470.15,2456.89,2444.06,2431.52,2419.36,2407.06,2394.26,2380.65,2365.81,2349.95,2332.86,2314.59,2295.26,2275.05,2254.06,2232.73,2211.46,2190.87,2171.22,2152.57,2134.86,2117.83,2101.29,2084.88,2068.28,2051.22,2033.24,2014.05,1993.53,1971.76,1949.06,1925.76,1902.09,1878.43,1855,1831.96,1809.62,1787.93,1767.09,1746.84,1726.99,1707.29,1687.61,1667.81,1648.04,1628.26,1608.43,1588.72,1568.94,1549.38,1530.12,1511.36,1493.2,1475.59,1458.32,1441.28,1424.33,1407.28,1390.12,1372.56,1354.57,1335.93,1316.62,1296.8,1276.72,1256.64,1236.77,1217.43,1198.77,1181.09,1164.46,1149.12,1135.05,1122.1,1110.08,1098.72,1087.78,1076.85,1065.62,1053.92,1041.58,1028.49,1014.62,1000.12,985.15,969.96,954.85,940.17,926.31,913.26,901.13,889.9,879.56,869.97,860.95,852.33,843.89,835.46,826.79,817.88,808.72,799.31,789.64,779.76,769.75,759.69,749.6,739.53,729.55,719.69,710,700.51,691.23,682.14,673.26,664.53,655.96,647.57,639.31,631.19,623.08,614.95,606.74,598.41,589.89,581.21,572.37,563.35,554.16,544.82,535.45,526.16,517.06,508.28,499.91,491.98,484.48,477.38,470.7,464.35,458.24,452.28,446.4,440.51,434.58,428.55,422.45,416.29,410.04,403.71,397.36,390.92,384.36,377.68,370.87,364,357.09,350.21,343.43,336.8,330.32,324.08,318.11,312.44,307.01,301.76,296.63,291.57,286.57,281.58,276.58,271.53,266.44,261.3,256.18,251.09,246.08,241.15,236.27,231.44,226.69,222.03,217.45,212.97,208.56,204.23,199.93,195.68,191.48,187.34,183.26,179.26,175.32,171.44,167.61,163.87,160.22,156.66,153.2,149.82,146.51,143.24,140.02,136.84,133.71,130.58,127.46,124.35,121.26,118.22,115.21,112.27,109.4,106.59,103.85,101.21,98.65,96.18,93.79,91.46,89.19,86.98,84.81,82.7,80.62,78.57,76.54,74.53,72.54,70.59,68.67,66.78,64.93,63.12,61.33,59.59,57.88,56.2,54.55,52.91,51.29,49.69,48.13,46.6,45.11,43.67,42.28,40.93,39.63,38.39,37.19,36.02,34.89,33.78,32.68,31.6,30.54,29.49,28.46,27.44,26.44,25.47,24.52,23.6,22.71,21.85,21.02,20.22,19.44,18.69,17.96,17.26,16.59,15.93,15.3,14.7,14.12,13.57,13.05,12.56,12.1,11.66,11.24,10.84,10.46,10.09,9.74,9.41,9.1,8.79,8.49,8.15,7.76,7.33,6.85,6.34,5.78,5.17,4.52,3.84,1590.25,1582.9,1583.67,1591.59,1602.63,1615.17,1627.77,1639.67,1650.04,1658.47,1664.9,1669.37,1672.22,1673.71,1674.42,1674.47,1674.39,1674.4,1674.47,1674.7,1674.92,1674.92,1674.39,1672.89,1670.39,1666.73,1661.97,1656.21,1649.58,1642.32,1634.52,1626.45,1618.37,1610.45,1602.62,1594.95,1587.2,1579.2,1570.76,1561.6,1551.77,1541.09,1529.56,1517.31,1504.53,1491.32,1477.94,1464.58,1451.53,1438.98,1426.97,1415.57,1404.66,1394.13,1383.67,1373.02,1361.99,1350.34,1337.94,1324.73,1310.73,1296.09,1280.98,1265.53,1250.06,1234.72,1219.66,1205.06,1190.83,1177.09,1163.69,1150.52,1137.46,1124.42,1111.25,1098.03,1084.71,1071.29,1057.93,1044.55,1031.33,1018.29,1005.47,992.9,980.55,968.32,956.18,944.05,931.78,919.35,906.61,893.62,880.31,866.75,853.05,839.33,825.69,812.24,799.18,786.63,774.79,763.69,753.43,743.98,735.23,727.08,719.39,712.01,704.69,697.2,689.4,681.16,672.41,663.15,653.5,643.57,633.51,623.5,613.74,604.48,595.74,587.59,580.02,573.05,566.58,560.49,554.67,548.98,543.32,537.52,531.58,525.49,519.22,512.76,506.14,499.39,492.57,485.73,478.9,472.15,465.5,458.96,452.54,446.25,440.08,434.05,428.13,422.31,416.61,410.98,405.41,399.87,394.33,388.79,383.21,377.53,371.75,365.87,359.86,353.75,347.58,341.41,335.3,329.28,323.44,317.85,312.53,307.5,302.73,298.23,293.94,289.78,285.71,281.7,277.7,273.66,269.56,265.4,261.17,256.86,252.47,248.04,243.55,238.96,234.28,229.51,224.67,219.79,214.91,210.1,205.38,200.76,196.28,191.97,187.83,183.85,180.01,176.27,172.59,168.93,165.26,161.57,157.85,154.13,150.38,146.65,142.92,139.24,135.59,132,128.47,125.02,121.65,118.36,115.14,112.01,108.98,106.06,103.24,100.52,97.9,95.38,92.96,90.63,88.39,86.23,84.15,82.15,80.21,78.35,76.54,74.78,73.07,71.38,69.73,68.09,66.46,64.85,63.26,61.68,60.13,58.61,57.13,55.69,54.3,52.95,51.66,50.42,49.22,48.07,46.94,45.85,44.79,43.74,42.72,41.71,40.72,39.73,38.76,37.8,36.85,35.92,35.01,34.12,33.25,32.39,31.55,30.72,29.91,29.1,28.3,27.51,26.73,25.96,25.2,24.46,23.75,23.05,22.38,21.73,21.11,20.5,19.91,19.33,18.76,18.19,17.63,17.08,16.54,15.99,15.46,14.93,14.41,13.91,13.41,12.93,12.46,12,11.56,11.14,10.72,10.32,9.94,9.57,9.21,8.86,8.53,8.21,7.9,7.6,7.33,7.06,6.8,6.56,6.33,6.11,5.9,5.7,5.51,5.33,5.15,4.98,4.79,4.57,4.31,4.04,3.73,3.4,3.05,2.67,2.26
2,d7fecdd1-d794-4dc9-9a5f-4dae2f448567,5/10/17,girf,F02AC39AE134F4D8,None,0,lat -37.7906 lon 175.3175,no,0.577809553911,0.579884555757,0.58190917219,0.583897629689,0.585858747473,0.587762422029,0.58954886902,0.591178980822,0.592661643055,0.594015059448,0.595259471189,0.59646207814,0.597570419664,0.598543824548,0.599383590936,0.600129190323,0.600822168572,0.601479449137,0.602077889702,0.602584459921,0.602988530565,0.603323178815,0.603640616447,0.60397561374,0.604319429973,0.604638726881,0.604908429965,0.605126226835,0.605321978139,0.605533567698,0.60577957095,0.606047991925,0.606308333636,0.606531598488,0.606715756615,0.606876633229,0.607042851792,0.607242500938,0.6074810691,0.607748968613,0.608020150439,0.608270260143,0.608494946701,0.608710609958,0.608944279469,0.609216014887,0.609513811998,0.609804767495,0.610050516772,0.610240099724,0.610387510161,0.610529048242,0.610688465988,0.610869228445,0.611046497101,0.611198317764,0.611321798446,0.611441059343,0.611591710885,0.611784182632,0.612007709093,0.612231212268,0.612425227621,0.612585527217,0.612727546266,0.612868982108,0.613017328583,0.613160687586,0.61327980992,0.613362029533,0.613418033127,0.613464312249,0.613520125017,0.613579517703,0.613621952571,0.613616781929,0.613553411154,0.613436212456,0.613289769126,0.613140022264,0.612980936386,0.61278682169,0.612519292148,0.612151087494,0.611690263387,0.611166887135,0.610606018544,0.610018858409,0.609389835496,0.608700926152,0.607965828047,0.607227203027,0.606547496462,0.605975548415,0.605513552751,0.605133277747,0.604797063793,0.604484640355,0.604200258437,0.603963189294,0.603779723427,0.60363658106,0.60349957594,0.603337584968,0.603140989529,0.602920586431,0.602703542776,0.602501658392,0.602318259399,0.60213884798,0.601943731293,0.601724870894,0.601488750963,0.601256466582,0.601049118657,0.600881334971,0.600738742063,0.600608925064,0.600469053405,0.600305754994,0.600125094198,0.599932317052,0.599737772552,0.599544223142,0.599348402384,0.59914557621,0.598939806972,0.598733155798,0.598530914585,0.598336746554,0.598141200785,0.597937754366,0.597711465922,0.597447069134,0.597130851041,0.596759497532,0.596339526333,0.595894538358,0.595451271485,0.595028952111,0.594632124895,0.594252041353,0.593873928764,0.593494291891,0.593113544668,0.592742111349,0.59238721682,0.592035279825,0.591664651836,0.591254964652,0.590802754389,0.590328480465,0.589863804672,0.589432978929,0.589044998068,0.588677426547,0.588298229758,0.587896597272,0.587480249274,0.587078576313,0.586711971131,0.58637325697,0.586035080656,0.585655297998,0.585215532272,0.58472292966,0.584208919802,0.583693140942,0.583178848758,0.582648297104,0.582082817262,0.581481675645,0.580855980982,0.580229659723,0.579607689485,0.578982106196,0.578324846005,0.577610169645,0.576821475462,0.575946373369,0.574985722075,0.57393697323,0.572806616325,0.571597745437,0.570304314554,0.56891282243,0.567409670313,0.565789728023,0.564072131845,0.562278865375,0.560429491623,0.558523030572,0.556542420239,0.554476151869,0.552341831163,0.550180042185,0.54803374801,0.545909823707,0.543756009095,0.541516644774,0.539144133537,0.536644077348,0.534054748177,0.531406546761,0.528693752672,0.525875657676,0.522896479729,0.519749418704,0.516475952327,0.51313792808,0.509789211628,0.506440542045,0.503072145396,0.499667858036,0.496252701932,0.49290113841,0.489722160886,0.486775806629,0.484095652032,0.481670429274,0.479472787572,0.4774981032,0.47575383028,0.474272994699,0.473061615609,0.472083123454,0.47126934168,0.47057296396,0.469959151748,0.469431573481,0.469005568576,0.468678724576,0.46843654352,0.46822890407,0.46803171614,0.467839461246,0.467673974695,0.467558410562,0.467505575819,0.467507890075,0.467553520043,0.467643125524,0.467793158268,0.468033916845,0.468377168961,0.468817594524,0.469333378384,0.46989996396,0.470502782845,0.471139728541,0.471813657686,0.472521590937,0.473248993445,0.473978808065,0.474703126914,0.475429200871,0.476175466555,0.476959905434,0.47779638567,0.478690938482,0.479642411791,0.480648100183,0.481714221511,0.482845478912,0.484038885431,0.485274589995,0.486527994456,0.487777410082,0.489018805218,0.4902632755,0.491531370128,0.492830625692,0.494148299168,0.495464715104,0.496767928802,0.498076673793,0.499408701984,0.500774418609,0.502154018087,0.503503416161,0.504790969265,0.506028738614,0.507248912573,0.508485114054,0.509748793232,0.511005592496,0.512235202714,0.513434531206,0.514626923648,0.515850468975,0.517104613719,0.518348334202,0.519518306399,0.520583660857,0.521540218783,0.522441010681,0.523324068333,0.52421338845,0.525076438197,0.525933504111,0.526788829021,0.527653983312,0.528589400386,0.529617570152,0.530728022262,0.531864188993,0.532931789809,0.533849078968,0.534649239563,0.535197235037,0.535532213233,0.535753747195,0.535917937791,0.536088182702,0.53635075404,0.53666993053,0.537006673616,0.537339116073,0.537551790408,0.5378877489,0.538427901655,0.539151447503,0.539896941427,0.540528625711,0.540869787824,0.540945185652,0.540922350014,0.540929703617,0.541143010674,0.541450611149,0.541760363397,2529.88,2509.66,2502.46,2506.57,2515.57,2527.03,2538.99,2550.42,2560.09,2567.29,2571.89,2573.69,2573.46,2571.75,2569.47,2566.59,2563.74,2561.16,2558.91,2557.28,2556.05,2554.73,2552.67,2549.04,2543.83,2536.97,2528.63,2519,2508.14,2496.28,2483.46,2470.15,2456.89,2444.06,2431.52,2419.36,2407.06,2394.26,2380.65,2365.81,2349.95,2332.86,2314.59,2295.26,2275.05,2254.06,2232.73,2211.46,2190.87,2171.22,2152.57,2134.86,2117.83,2101.29,2084.88,2068.28,2051.22,2033.24,2014.05,1993.53,1971.76,1949.06,1925.76,1902.09,1878.43,1855,1831.96,1809.62,1787.93,1767.09,1746.84,1726.99,1707.29,1687.61,1667.81,1648.04,1628.26,1608.43,1588.72,1568.94,1549.38,1530.12,1511.36,1493.2,1475.59,1458.32,1441.28,1424.33,1407.28,1390.12,1372.56,1354.57,1335.93,1316.62,1296.8,1276.72,1256.64,1236.77,1217.43,1198.77,1181.09,1164.46,1149.12,1135.05,1122.1,1110.08,1098.72,1087.78,1076.85,1065.62,1053.92,1041.58,1028.49,1014.62,1000.12,985.15,969.96,954.85,940.17,926.31,913.26,901.13,889.9,879.56,869.97,860.95,852.33,843.89,835.46,826.79,817.88,808.72,799.31,789.64,779.76,769.75,759.69,749.6,739.53,729.55,719.69,710,700.51,691.23,682.14,673.26,664.53,655.96,647.57,639.31,631.19,623.08,614.95,606.74,598.41,589.89,581.21,572.37,563.35,554.16,544.82,535.45,526.16,517.06,508.28,499.91,491.98,484.48,477.38,470.7,464.35,458.24,452.28,446.4,440.51,434.58,428.55,422.45,416.29,410.04,403.71,397.36,390.92,384.36,377.68,370.87,364,357.09,350.21,343.43,336.8,330.32,324.08,318.11,312.44,307.01,301.76,296.63,291.57,286.57,281.58,276.58,271.53,266.44,261.3,256.18,251.09,246.08,241.15,236.27,231.44,226.69,222.03,217.45,212.97,208.56,204.23,199.93,195.68,191.48,187.34,183.26,179.26,175.32,171.44,167.61,163.87,160.22,156.66,153.2,149.82,146.51,143.24,140.02,136.84,133.71,130.58,127.46,124.35,121.26,118.22,115.21,112.27,109.4,106.59,103.85,101.21,98.65,96.18,93.79,91.46,89.19,86.98,84.81,82.7,80.62,78.57,76.54,74.53,72.54,70.59,68.67,66.78,64.93,63.12,61.33,59.59,57.88,56.2,54.55,52.91,51.29,49.69,48.13,46.6,45.11,43.67,42.28,40.93,39.63,38.39,37.19,36.02,34.89,33.78,32.68,31.6,30.54,29.49,28.46,27.44,26.44,25.47,24.52,23.6,22.71,21.85,21.02,20.22,19.44,18.69,17.96,17.26,16.59,15.93,15.3,14.7,14.12,13.57,13.05,12.56,12.1,11.66,11.24,10.84,10.46,10.09,9.74,9.41,9.1,8.79,8.49,8.15,7.76,7.33,6.85,6.34,5.78,5.17,4.52,3.84,1461.79,1455.31,1456.2,1463.58,1473.77,1485.3,1496.86,1507.76,1517.27,1525.01,1530.94,1535.11,1537.82,1539.31,1540.1,1540.29,1540.35,1540.48,1540.66,1540.98,1541.27,1541.33,1540.9,1539.56,1537.29,1533.95,1529.59,1524.31,1518.23,1511.58,1504.43,1497.03,1489.63,1482.4,1475.24,1468.26,1461.19,1453.9,1446.2,1437.82,1428.82,1419.01,1408.42,1397.15,1385.38,1373.21,1360.88,1348.56,1336.54,1324.97,1313.9,1303.39,1293.33,1283.61,1273.96,1264.13,1253.95,1243.21,1231.78,1219.61,1206.74,1193.27,1179.39,1165.19,1150.97,1136.87,1123.02,1109.59,1096.5,1083.87,1071.54,1059.45,1047.45,1035.49,1023.4,1011.27,999.02,986.67,974.34,961.98,949.74,937.64,925.74,914.06,902.61,891.28,880.06,868.87,857.58,846.16,834.47,822.53,810.31,797.84,785.23,772.59,760.01,747.61,735.57,724.01,713.12,702.91,693.49,684.82,676.79,669.29,662.2,655.39,648.61,641.65,634.4,626.75,618.63,610.05,601.12,591.96,582.69,573.49,564.54,556.07,548.07,540.62,533.71,527.33,521.41,515.84,510.49,505.26,500.05,494.7,489.21,483.57,477.76,471.77,465.62,459.36,453.03,446.68,440.35,434.1,427.95,421.92,416.02,410.24,404.59,399.07,393.66,388.35,383.14,378,372.91,367.82,362.73,357.63,352.49,347.25,341.93,336.5,330.96,325.33,319.65,313.97,308.35,302.82,297.45,292.31,287.42,282.79,278.4,274.25,270.29,266.46,262.71,259.01,255.32,251.61,247.84,244.01,240.13,236.16,232.13,228.06,223.92,219.7,215.39,210.99,206.54,202.04,197.54,193.1,188.75,184.49,180.36,176.38,172.57,168.91,165.37,161.93,158.54,155.18,151.81,148.43,145.01,141.59,138.15,134.72,131.29,127.9,124.55,121.24,117.99,114.8,111.7,108.65,105.69,102.8,100.01,97.32,94.73,92.23,89.82,87.51,85.28,83.15,81.1,79.13,77.23,75.39,73.63,71.92,70.27,68.67,67.1,65.56,64.05,62.55,61.07,59.59,58.13,56.69,55.27,53.88,52.52,51.2,49.92,48.69,47.5,46.35,45.25,44.19,43.15,42.15,41.16,40.2,39.26,38.33,37.41,36.51,35.61,34.73,33.86,33,32.17,31.35,30.55,29.76,28.99,28.23,27.48,26.74,26.01,25.28,24.56,23.84,23.15,22.47,21.81,21.17,20.55,19.95,19.38,18.82,18.27,17.74,17.22,16.7,16.19,15.68,15.18,14.68,14.19,13.7,13.23,12.76,12.31,11.87,11.44,11.02,10.61,10.22,9.84,9.48,9.13,8.78,8.46,8.14,7.83,7.54,7.26,6.99,6.73,6.48,6.25,6.03,5.81,5.61,5.42,5.24,5.06,4.89,4.73,4.58,4.4,4.19,3.96,3.71,3.43,3.12,2.8,2.45,2.08
3,4c4830f5-8d68-4656-a9ea-cdc55fc8e424,5/10/17,ghf,F02AC39AE134F4D8,None,0,lat -37.7906 lon 175.3175,no,0.609324121808,0.612719797,0.616017591126,0.619210930552,0.622309154288,0.625277470413,0.628048504845,0.63057920825,0.632884149512,0.634987880376,0.636919258157,0.638759239988,0.640459758224,0.64198646666,0.643345762339,0.644584815212,0.645749959755,0.646859513853,0.64788750382,0.648795978135,0.649570569697,0.650244418565,0.650872465345,0.651493196525,0.652100633163,0.652663641575,0.653161312954,0.653596887017,0.654007462253,0.654438118574,0.654911552294,0.655416327747,0.655919174251,0.656386569466,0.656813071349,0.657211967756,0.657611038565,0.658038886661,0.658500915566,0.658987528891,0.659471535304,0.659927716324,0.660352523273,0.660764761621,0.661194840288,0.661665516018,0.662164011951,0.662653991054,0.663092149194,0.663464362319,0.663784066311,0.664089642247,0.664406975741,0.664740604697,0.665064370914,0.665355227227,0.665611053486,0.665859720203,0.666142735513,0.666474706289,0.66684723651,0.667228657084,0.667587277844,0.667917001057,0.668231457332,0.668545543327,0.668862418855,0.669163683487,0.669423104725,0.669622672081,0.669771813759,0.669889313033,0.670000213338,0.670104897617,0.670189607131,0.670229743709,0.670221237711,0.670173960674,0.670116491193,0.670075600928,0.670039920155,0.669974261541,0.669828247809,0.669563610293,0.669181936805,0.668711470498,0.668178024803,0.667595358361,0.666950488912,0.666229050176,0.665451671158,0.664669712769,0.663954626175,0.66336117937,0.662891457137,0.662513114585,0.662183053423,0.661877499904,0.661600483727,0.661373687467,0.661205789118,0.661084967804,0.660976736577,0.660849729966,0.660695156363,0.660525163893,0.660368227512,0.660234498046,0.660123904618,0.660016613333,0.659887751393,0.65972619821,0.659538191374,0.659347124791,0.659177453002,0.659047225211,0.658942930627,0.658852954949,0.658753473813,0.658629902465,0.658487785033,0.65833073213,0.658167515116,0.657998731419,0.65781914261,0.657623088462,0.657415951981,0.657202371509,0.656991804843,0.656792846477,0.656599903659,0.65641021935,0.656210707268,0.655986335124,0.65572183919,0.655411380654,0.655058194134,0.654682932777,0.654308858626,0.653950809396,0.653608055368,0.653266424255,0.652906801545,0.652524342132,0.652120493489,0.651709469315,0.651303241597,0.650891620358,0.650455701288,0.649977498818,0.64945657772,0.648917410416,0.648395181238,0.647915428209,0.647485685707,0.647078151045,0.646654275664,0.646199223127,0.645719501273,0.64524685182,0.644804747811,0.644387977263,0.643970449201,0.643510562261,0.642992820237,0.642428955091,0.641855812643,0.641295241703,0.640748753972,0.640192576219,0.639600210385,0.638963914056,0.638288937133,0.637595579181,0.636885257623,0.636147559111,0.635352493327,0.634474843488,0.633501142713,0.632423333122,0.631247895023,0.629976705857,0.628620032375,0.627182350725,0.625655727791,0.624021853083,0.622260819948,0.620361163658,0.618338289422,0.616211968633,0.614000893301,0.611703353298,0.609302270192,0.606788680307,0.604186448023,0.6015452486,0.598916535722,0.596311118882,0.593672928702,0.590940184291,0.588057994632,0.585028028701,0.58188627319,0.578659862389,0.575337062314,0.571870093232,0.568196688982,0.564310282056,0.560259344668,0.556116396455,0.551947604228,0.547773590643,0.54358283075,0.539367324248,0.535163394779,0.531058483947,0.527175758254,0.523582994476,0.520317435733,0.517366236313,0.514697295651,0.51230148663,0.510181913449,0.508368800558,0.506863509224,0.505621861516,0.504566871247,0.503645299988,0.502818311392,0.5020895722,0.501475911294,0.50097586175,0.500575453737,0.500222898061,0.499894245128,0.499585093154,0.499319858301,0.499123919825,0.499011191,0.498973392869,0.498997410864,0.499083292265,0.49924780194,0.499522442046,0.499918986359,0.500431173011,0.501035283252,0.501704839218,0.502424201056,0.503191054304,0.504008415084,0.504872989406,0.505769062155,0.506678170293,0.50759137891,0.508516021774,0.50947137091,0.510476334527,0.511545579501,0.512685448923,0.513894690548,0.515170255232,0.516518870482,0.51794534469,0.519446128854,0.520999196151,0.522577526432,0.524156932639,0.525731930633,0.527313270764,0.528922102779,0.530565676692,0.532229488791,0.533891650004,0.535538978723,0.537191315309,0.538867639147,0.5405791255,0.542304666902,0.543997078358,0.54562216035,0.547193468901,0.548745716266,0.550315499891,0.551915383105,0.553508021369,0.555070556681,0.55659866182,0.558116451854,0.559664521148,0.561241218236,0.56280066758,0.56427327927,0.565624740267,0.566849786581,0.568005712184,0.569133752004,0.570260236459,0.571349885675,0.572425159265,0.573491570083,0.574562534267,0.57570465542,0.576943281482,0.578267762432,0.579617204548,0.580889447636,0.581995732688,0.582972441982,0.583672218426,0.584137568207,0.584477132459,0.584751800718,0.585030433359,0.58540695237,0.58584217782,0.586293348076,0.586736336757,0.587044942928,0.587484519687,0.588143392338,0.588999028234,0.589871736219,0.590613981846,0.591033275638,0.591157140313,0.591169164935,0.591210095874,0.591472305423,0.591833865117,0.592193721373,2529.88,2509.66,2502.46,2506.57,2515.57,2527.03,2538.99,2550.42,2560.09,2567.29,2571.89,2573.69,2573.46,2571.75,2569.47,2566.59,2563.74,2561.16,2558.91,2557.28,2556.05,2554.73,2552.67,2549.04,2543.83,2536.97,2528.63,2519,2508.14,2496.28,2483.46,2470.15,2456.89,2444.06,2431.52,2419.36,2407.06,2394.26,2380.65,2365.81,2349.95,2332.86,2314.59,2295.26,2275.05,2254.06,2232.73,2211.46,2190.87,2171.22,2152.57,2134.86,2117.83,2101.29,2084.88,2068.28,2051.22,2033.24,2014.05,1993.53,1971.76,1949.06,1925.76,1902.09,1878.43,1855,1831.96,1809.62,1787.93,1767.09,1746.84,1726.99,1707.29,1687.61,1667.81,1648.04,1628.26,1608.43,1588.72,1568.94,1549.38,1530.12,1511.36,1493.2,1475.59,1458.32,1441.28,1424.33,1407.28,1390.12,1372.56,1354.57,1335.93,1316.62,1296.8,1276.72,1256.64,1236.77,1217.43,1198.77,1181.09,1164.46,1149.12,1135.05,1122.1,1110.08,1098.72,1087.78,1076.85,1065.62,1053.92,1041.58,1028.49,1014.62,1000.12,985.15,969.96,954.85,940.17,926.31,913.26,901.13,889.9,879.56,869.97,860.95,852.33,843.89,835.46,826.79,817.88,808.72,799.31,789.64,779.76,769.75,759.69,749.6,739.53,729.55,719.69,710,700.51,691.23,682.14,673.26,664.53,655.96,647.57,639.31,631.19,623.08,614.95,606.74,598.41,589.89,581.21,572.37,563.35,554.16,544.82,535.45,526.16,517.06,508.28,499.91,491.98,484.48,477.38,470.7,464.35,458.24,452.28,446.4,440.51,434.58,428.55,422.45,416.29,410.04,403.71,397.36,390.92,384.36,377.68,370.87,364,357.09,350.21,343.43,336.8,330.32,324.08,318.11,312.44,307.01,301.76,296.63,291.57,286.57,281.58,276.58,271.53,266.44,261.3,256.18,251.09,246.08,241.15,236.27,231.44,226.69,222.03,217.45,212.97,208.56,204.23,199.93,195.68,191.48,187.34,183.26,179.26,175.32,171.44,167.61,163.87,160.22,156.66,153.2,149.82,146.51,143.24,140.02,136.84,133.71,130.58,127.46,124.35,121.26,118.22,115.21,112.27,109.4,106.59,103.85,101.21,98.65,96.18,93.79,91.46,89.19,86.98,84.81,82.7,80.62,78.57,76.54,74.53,72.54,70.59,68.67,66.78,64.93,63.12,61.33,59.59,57.88,56.2,54.55,52.91,51.29,49.69,48.13,46.6,45.11,43.67,42.28,40.93,39.63,38.39,37.19,36.02,34.89,33.78,32.68,31.6,30.54,29.49,28.46,27.44,26.44,25.47,24.52,23.6,22.71,21.85,21.02,20.22,19.44,18.69,17.96,17.26,16.59,15.93,15.3,14.7,14.12,13.57,13.05,12.56,12.1,11.66,11.24,10.84,10.46,10.09,9.74,9.41,9.1,8.79,8.49,8.15,7.76,7.33,6.85,6.34,5.78,5.17,4.52,3.84,1541.52,1537.72,1541.56,1552.1,1565.46,1580.1,1594.61,1608.24,1620.24,1630.2,1638.08,1643.97,1648.19,1651.03,1653.06,1654.39,1655.53,1656.71,1657.89,1659.16,1660.33,1661.2,1661.47,1660.68,1658.83,1655.79,1651.6,1646.41,1640.34,1633.66,1626.44,1618.97,1611.52,1604.25,1597.06,1590.04,1582.91,1575.52,1567.66,1559.04,1549.72,1539.52,1528.44,1516.63,1504.25,1491.43,1478.43,1465.43,1452.75,1440.53,1428.84,1417.74,1407.1,1396.81,1386.58,1376.14,1365.31,1353.85,1341.64,1328.64,1314.87,1300.47,1285.62,1270.44,1255.23,1240.15,1225.33,1210.93,1196.88,1183.28,1169.98,1156.89,1143.88,1130.88,1117.75,1104.57,1091.29,1077.93,1064.63,1051.31,1038.15,1025.14,1012.35,999.79,987.44,975.19,963.03,950.88,938.59,926.14,913.37,900.34,887,873.39,859.64,845.84,832.13,818.59,805.45,792.83,780.95,769.81,759.54,750.1,741.37,733.24,725.56,718.19,710.85,703.33,695.47,687.16,678.33,668.99,659.25,649.26,639.15,629.11,619.34,610.09,601.37,593.24,585.7,578.75,572.28,566.18,560.33,554.6,548.89,543.03,537.02,530.85,524.52,517.99,511.31,504.51,497.64,490.75,483.88,477.09,470.39,463.82,457.37,451.04,444.84,438.77,432.81,426.96,421.21,415.54,409.93,404.33,398.73,393.12,387.46,381.7,375.84,369.87,363.76,357.57,351.3,345.04,338.83,332.73,326.82,321.16,315.78,310.69,305.88,301.34,297,292.8,288.68,284.62,280.56,276.46,272.28,268.03,263.72,259.32,254.84,250.32,245.74,241.07,236.29,231.43,226.5,221.52,216.55,211.63,206.79,202.06,197.46,193.02,188.77,184.68,180.73,176.88,173.1,169.35,165.59,161.81,158,154.18,150.34,146.5,142.67,138.87,135.1,131.39,127.74,124.17,120.69,117.29,113.97,110.76,107.66,104.68,101.82,99.06,96.42,93.89,91.46,89.13,86.9,84.75,82.68,80.69,78.77,76.92,75.13,73.4,71.7,70.04,68.41,66.8,65.2,63.62,62.05,60.51,58.99,57.5,56.05,54.65,53.28,51.97,50.71,49.49,48.32,47.19,46.1,45.03,43.99,42.97,41.98,41,40.03,39.07,38.13,37.19,36.28,35.37,34.5,33.63,32.79,31.96,31.14,30.34,29.55,28.76,27.99,27.22,26.45,25.69,24.95,24.23,23.53,22.85,22.19,21.56,20.95,20.35,19.77,19.2,18.64,18.09,17.54,17,16.46,15.93,15.4,14.88,14.37,13.87,13.38,12.9,12.44,11.99,11.55,11.13,10.72,10.32,9.94,9.57,9.21,8.87,8.54,8.22,7.91,7.62,7.34,7.07,6.82,6.58,6.35,6.13,5.92,5.72,5.53,5.34,5.17,5,4.81,4.58,4.33,4.05,3.75,3.42,3.06,2.68,2.27
4,4c4830f5-8d68-4656-a9ea-cdc55fc8e424,5/10/17,ghf,F02AC39AE134F4D8,None,0,lat -37.7906 lon 175.3175,no,0.652754071965,0.65635788814,0.659885126953,0.663319493441,0.666659165719,0.669856130538,0.672829327284,0.675526103156,0.677958666503,0.680153367776,0.682144262547,0.684024221368,0.685749842464,0.687293449922,0.688670406323,0.689937953556,0.69114949971,0.692325218489,0.693434693422,0.694431992551,0.695294802318,0.696050998632,0.696752324925,0.697434262485,0.698086908415,0.698675859582,0.699180168499,0.699606718033,0.699999875518,0.700412933562,0.700874708307,0.701376315554,0.701884116951,0.70236291746,0.702806475265,0.703227955784,0.703655646278,0.704118529232,0.704620730224,0.705150535389,0.705677892115,0.706175509044,0.706639773564,0.707091017159,0.707561495276,0.70807447949,0.70861457895,0.709141161722,0.709606786419,0.709996180278,0.71032440494,0.710633711906,0.710953231549,0.711289481007,0.711616376687,0.711911272486,0.712173542072,0.712433610426,0.712734978036,0.713091008126,0.713489712148,0.713894461794,0.714269676975,0.714608694306,0.714927620993,0.715245391528,0.715569569202,0.71588531977,0.716169222036,0.716405353539,0.71660467354,0.716784915158,0.716967254308,0.717143957061,0.717290963743,0.717373035763,0.717378745635,0.717314548081,0.717210743375,0.71709970042,0.716976749471,0.71681447672,0.716570399591,0.716214215666,0.715755663937,0.715228993179,0.714661591506,0.71406422085,0.713416313989,0.712694652752,0.711913502304,0.711121378561,0.710390450787,0.709777694238,0.709286330679,0.708884838019,0.708531340491,0.708204636516,0.707912271115,0.707679151234,0.707514651167,0.707404937719,0.707311184541,0.707197660848,0.707053022697,0.706888924129,0.706735239372,0.706602896196,0.706492330402,0.706382785717,0.70624765849,0.706074439775,0.705868639679,0.705653927435,0.70545532603,0.705291670032,0.705149067746,0.705016943833,0.704872921665,0.70470545855,0.704524884955,0.704339024641,0.704160002577,0.703989533799,0.703821152213,0.70364620396,0.70346654907,0.703282502824,0.703099494267,0.702922707842,0.702743460873,0.702557806713,0.702352509273,0.702113716824,0.701828263222,0.701493289031,0.701115193339,0.700718064752,0.700327450359,0.699958452259,0.699608143967,0.699258207375,0.698884662105,0.698479091411,0.698040854488,0.69758457604,0.697124331651,0.696652190676,0.696152269912,0.695610422095,0.695031333741,0.694445720235,0.693894425367,0.693406310086,0.692988905262,0.692609960325,0.692224029101,0.691809872281,0.691368502269,0.690928001158,0.69050822236,0.690099356335,0.689670720637,0.689176557151,0.688600833033,0.687958229474,0.687291655262,0.686628838416,0.685976204147,0.685313071374,0.684615469867,0.683878712435,0.68311094236,0.682335303527,0.6815534276,0.680753177534,0.679900625795,0.678966417726,0.677933591187,0.676791141735,0.675544092786,0.674193241894,0.672749197312,0.671217234955,0.669590135103,0.66785008903,0.6659776674,0.663962158967,0.661820816362,0.659574516477,0.657241789749,0.654818202342,0.65228197235,0.64961952001,0.646852403477,0.644030451746,0.641206487688,0.638391301362,0.635525737408,0.632546089891,0.629397353569,0.626085939924,0.622655291372,0.619139095673,0.615528692874,0.611775629153,0.607814523709,0.603638042697,0.599296283221,0.594863872887,0.590407911907,0.585946491422,0.58146356276,0.576947529758,0.572435279673,0.568019709422,0.563833221151,0.559950141898,0.556413106789,0.553211867774,0.550315929921,0.547719368766,0.545429027144,0.543480157148,0.541876320675,0.540571392032,0.539483190994,0.538553889903,0.537740145311,0.537043193357,0.536477777928,0.536038678894,0.535707101101,0.535423787944,0.535159487777,0.534906362068,0.53468808936,0.534530166969,0.534446650738,0.534428729642,0.534463230991,0.534551792742,0.534714602341,0.534988096122,0.535387841684,0.53591008715,0.536532175454,0.537228028136,0.537982531215,0.538794002916,0.539665663048,0.540593155458,0.541558110993,0.542538646554,0.543522730305,0.544515596813,0.54553537381,0.546600129283,0.547723930846,0.548912741133,0.550165219628,0.551479088494,0.552863301072,0.554325532502,0.555865011258,0.557461489025,0.559089368827,0.560725872515,0.562367776733,0.564028399025,0.565731393114,0.567484611507,0.569271848305,0.571068278765,0.57285776977,0.57465915144,0.576490128654,0.578360043324,0.580243910257,0.582089209394,0.583857738325,0.585563053417,0.587241850905,0.588933466571,0.590651937883,0.592358225046,0.594028901317,0.595660452156,0.597279754738,0.598931215105,0.600613777678,0.602278788416,0.603851973844,0.605296531608,0.606606495478,0.607842640908,0.609048449387,0.610251369125,0.611412923773,0.612556465709,0.613687319775,0.614819454868,0.616023884632,0.617327638576,0.618719400085,0.620134223113,0.621463183813,0.622611806798,0.623619579783,0.624329503818,0.62478771435,0.625111024762,0.625365145613,0.625624256098,0.625989220166,0.626418479572,0.626866528375,0.627307770457,0.627607361973,0.628049010512,0.62872711204,0.629617431054,0.630528947377,0.631303562062,0.631735212614,0.631853068345,0.631853105524,0.631885556947,0.632155890061,0.632533713701,0.632911118746,2529.88,2509.66,2502.46,2506.57,2515.57,2527.03,2538.99,2550.42,2560.09,2567.29,2571.89,2573.69,2573.46,2571.75,2569.47,2566.59,2563.74,2561.16,2558.91,2557.28,2556.05,2554.73,2552.67,2549.04,2543.83,2536.97,2528.63,2519,2508.14,2496.28,2483.46,2470.15,2456.89,2444.06,2431.52,2419.36,2407.06,2394.26,2380.65,2365.81,2349.95,2332.86,2314.59,2295.26,2275.05,2254.06,2232.73,2211.46,2190.87,2171.22,2152.57,2134.86,2117.83,2101.29,2084.88,2068.28,2051.22,2033.24,2014.05,1993.53,1971.76,1949.06,1925.76,1902.09,1878.43,1855,1831.96,1809.62,1787.93,1767.09,1746.84,1726.99,1707.29,1687.61,1667.81,1648.04,1628.26,1608.43,1588.72,1568.94,1549.38,1530.12,1511.36,1493.2,1475.59,1458.32,1441.28,1424.33,1407.28,1390.12,1372.56,1354.57,1335.93,1316.62,1296.8,1276.72,1256.64,1236.77,1217.43,1198.77,1181.09,1164.46,1149.12,1135.05,1122.1,1110.08,1098.72,1087.78,1076.85,1065.62,1053.92,1041.58,1028.49,1014.62,1000.12,985.15,969.96,954.85,940.17,926.31,913.26,901.13,889.9,879.56,869.97,860.95,852.33,843.89,835.46,826.79,817.88,808.72,799.31,789.64,779.76,769.75,759.69,749.6,739.53,729.55,719.69,710,700.51,691.23,682.14,673.26,664.53,655.96,647.57,639.31,631.19,623.08,614.95,606.74,598.41,589.89,581.21,572.37,563.35,554.16,544.82,535.45,526.16,517.06,508.28,499.91,491.98,484.48,477.38,470.7,464.35,458.24,452.28,446.4,440.51,434.58,428.55,422.45,416.29,410.04,403.71,397.36,390.92,384.36,377.68,370.87,364,357.09,350.21,343.43,336.8,330.32,324.08,318.11,312.44,307.01,301.76,296.63,291.57,286.57,281.58,276.58,271.53,266.44,261.3,256.18,251.09,246.08,241.15,236.27,231.44,226.69,222.03,217.45,212.97,208.56,204.23,199.93,195.68,191.48,187.34,183.26,179.26,175.32,171.44,167.61,163.87,160.22,156.66,153.2,149.82,146.51,143.24,140.02,136.84,133.71,130.58,127.46,124.35,121.26,118.22,115.21,112.27,109.4,106.59,103.85,101.21,98.65,96.18,93.79,91.46,89.19,86.98,84.81,82.7,80.62,78.57,76.54,74.53,72.54,70.59,68.67,66.78,64.93,63.12,61.33,59.59,57.88,56.2,54.55,52.91,51.29,49.69,48.13,46.6,45.11,43.67,42.28,40.93,39.63,38.39,37.19,36.02,34.89,33.78,32.68,31.6,30.54,29.49,28.46,27.44,26.44,25.47,24.52,23.6,22.71,21.85,21.02,20.22,19.44,18.69,17.96,17.26,16.59,15.93,15.3,14.7,14.12,13.57,13.05,12.56,12.1,11.66,11.24,10.84,10.46,10.09,9.74,9.41,9.1,8.79,8.49,8.15,7.76,7.33,6.85,6.34,5.78,5.17,4.52,3.84,1651.39,1647.24,1651.33,1662.66,1677.03,1692.75,1708.31,1722.88,1735.63,1746.15,1754.4,1760.47,1764.75,1767.55,1769.52,1770.79,1771.93,1773.15,1774.44,1775.86,1777.21,1778.22,1778.58,1777.79,1775.82,1772.52,1767.97,1762.31,1755.7,1748.43,1740.59,1732.5,1724.45,1716.61,1708.89,1701.36,1693.74,1685.84,1677.45,1668.25,1658.31,1647.41,1635.58,1622.96,1609.74,1596.04,1582.14,1568.24,1554.65,1541.56,1529.02,1517.1,1505.68,1494.63,1483.64,1472.43,1460.82,1448.55,1435.48,1421.57,1406.83,1391.42,1375.51,1359.25,1342.94,1326.78,1310.89,1295.48,1280.46,1265.95,1251.79,1237.88,1224.07,1210.26,1196.3,1182.26,1168.08,1153.75,1139.45,1125.09,1110.87,1096.81,1083,1069.45,1056.17,1043.03,1030.03,1017.07,1003.98,990.73,977.14,963.27,949.03,934.5,919.8,905.05,890.37,875.88,861.83,848.34,835.64,823.74,812.79,802.71,793.39,784.7,776.51,768.63,760.79,752.74,744.33,735.44,725.98,715.97,705.54,694.82,683.96,673.19,662.7,652.77,643.42,634.7,626.63,619.2,612.3,605.81,599.58,593.49,587.41,581.17,574.76,568.17,561.4,554.42,547.26,539.98,532.63,525.26,517.91,510.66,503.5,496.48,489.58,482.81,476.16,469.65,463.26,456.98,450.81,444.71,438.69,432.69,426.71,420.72,414.69,408.56,402.33,395.97,389.48,382.88,376.2,369.51,362.88,356.35,350,343.92,338.13,332.66,327.47,322.57,317.9,313.38,308.96,304.59,300.23,295.84,291.37,286.83,282.22,277.51,272.72,267.89,262.99,257.99,252.89,247.69,242.41,237.09,231.78,226.52,221.36,216.3,211.39,206.65,202.1,197.72,193.49,189.36,185.3,181.27,177.23,173.16,169.07,164.96,160.84,156.72,152.62,148.54,144.52,140.55,136.64,132.83,129.1,125.46,121.91,118.47,115.15,111.95,108.88,105.93,103.09,100.38,97.77,95.29,92.9,90.61,88.4,86.29,84.24,82.28,80.38,78.53,76.73,74.97,73.23,71.52,69.82,68.13,66.46,64.81,63.18,61.59,60.03,58.53,57.06,55.66,54.3,53,51.74,50.53,49.36,48.22,47.1,46.02,44.95,43.9,42.86,41.84,40.82,39.82,38.84,37.87,36.92,35.99,35.09,34.19,33.32,32.45,31.61,30.77,29.93,29.11,28.29,27.48,26.69,25.93,25.18,24.45,23.75,23.07,22.41,21.78,21.15,20.55,19.95,19.36,18.77,18.19,17.61,17.04,16.48,15.92,15.38,14.84,14.32,13.81,13.31,12.83,12.36,11.91,11.47,11.04,10.64,10.24,9.86,9.49,9.13,8.79,8.46,8.15,7.85,7.56,7.29,7.03,6.79,6.55,6.33,6.11,5.91,5.71,5.53,5.35,5.14,4.9,4.63,4.33,4,3.65,3.27,2.86,2.43
5,886bef1b-8f9e-427b-a101-8a2f4a6acc5d,5/10/17,nihb,F02AC39AE134F4D8,None,0,lat -37.7906 lon 175.3175,no,0.559287972935,0.562367125734,0.565361189648,0.568268565786,0.571101335328,0.573830005491,0.57639412549,0.578754434985,0.580923397001,0.582921301001,0.58477133147,0.58654407555,0.588191851025,0.589680614059,0.591014672968,0.59223718091,0.593391284916,0.594495021327,0.59552615115,0.596451428517,0.597259130316,0.597980563235,0.598666106748,0.599350018561,0.600024693127,0.600658676003,0.601229919243,0.601738809205,0.602217417684,0.602705959471,0.603224384335,0.60376160942,0.60428651253,0.604767771854,0.605200390915,0.605597190264,0.605985187621,0.606392874646,0.606827745714,0.607283611571,0.607737966855,0.608169939642,0.608578250833,0.608981364413,0.609407077316,0.609874305074,0.610367476748,0.610848372529,0.611272643133,0.611624216172,0.611914439033,0.612179674758,0.612446506037,0.612723202675,0.612990530814,0.613232290317,0.613450689786,0.613673517377,0.613938151375,0.614254236387,0.614608072927,0.614964004053,0.615287417667,0.615569555561,0.61582277357,0.616063579162,0.616300302877,0.616523428547,0.616717079011,0.616872200198,0.617002592788,0.61712685323,0.617265129613,0.617411173999,0.617543366108,0.617629495607,0.617657296717,0.61762965486,0.61756996647,0.61750349892,0.617423678671,0.617304352175,0.617106364387,0.616801170175,0.616395166605,0.61591675489,0.615389616821,0.614824427603,0.614206281027,0.613519133893,0.612780080763,0.612036160944,0.611354610157,0.610788742847,0.610343976432,0.60999359078,0.609699550898,0.609439563789,0.60921460927,0.609040162338,0.608918872559,0.608834610077,0.608751702153,0.608639196793,0.608489318929,0.608315900068,0.608149540242,0.608004693296,0.607886008994,0.607778285555,0.607659238091,0.607516830552,0.607352880304,0.607184053225,0.60702802769,0.606897682117,0.606778788175,0.606661354424,0.606526688445,0.606366727985,0.606193102101,0.606015550119,0.605847143954,0.605691037293,0.605542011766,0.60539158421,0.605239193771,0.605082283603,0.604922656426,0.604762396612,0.604592637465,0.604409686514,0.604202912789,0.603961984852,0.603677690946,0.603349852281,0.602986060774,0.602608645394,0.602240511758,0.601894885647,0.60156888876,0.601246113724,0.600905344337,0.600539064594,0.600146855538,0.599741767593,0.599336504195,0.598924733684,0.598492875307,0.598028275331,0.597533772495,0.597033956649,0.596561669256,0.596139314747,0.595771326837,0.595428715834,0.595072326349,0.594685081721,0.594270310504,0.593855611349,0.593462112386,0.593085547494,0.592703185303,0.592278373027,0.591798461383,0.591275510514,0.590744183136,0.59022481633,0.589718637973,0.589203414753,0.588654514333,0.588064827875,0.587439613066,0.586798377154,0.586143510458,0.585466560708,0.584740892823,0.583943891558,0.583063277529,0.582091308447,0.581033234692,0.579889875988,0.578669815363,0.577376589457,0.576002825773,0.574532243421,0.572947689268,0.571240300208,0.569426173597,0.567525302205,0.565556319334,0.563518390088,0.56139565377,0.559178815932,0.556888276901,0.554567762773,0.552262816145,0.549981910717,0.547672776055,0.545278841196,0.542750911789,0.540092895992,0.537341224752,0.53452449597,0.531635313333,0.528631964072,0.525458304834,0.522108256217,0.518625027296,0.515072762068,0.51150816685,0.507944809153,0.504365719881,0.500757190483,0.497146621981,0.493610056867,0.490257602331,0.487149424784,0.484318564846,0.481752651586,0.47942269355,0.47732208625,0.47545625991,0.473856298158,0.472526555719,0.471429030309,0.470494689734,0.469676045213,0.468938500167,0.468286477262,0.467736217268,0.467286469952,0.466924034312,0.466600270058,0.466292492658,0.465996381567,0.465734710652,0.465531427504,0.465400071854,0.465333738874,0.465321178208,0.465363504606,0.465477372423,0.465693031999,0.466022071201,0.466458931739,0.466981470486,0.46756460573,0.468193094774,0.468863917043,0.46957896296,0.470334266301,0.471114375753,0.471901389641,0.47268651907,0.473476230408,0.474288260698,0.475140099246,0.476045339665,0.47700996627,0.478032981828,0.479111946797,0.480253526376,0.481462871432,0.482737501804,0.484058009696,0.485400327818,0.486743169428,0.488082710847,0.489430102932,0.490805963421,0.492217834165,0.493652928705,0.495091468272,0.496521468728,0.497961520436,0.499429273786,0.500935031483,0.502459084323,0.503957467936,0.505398379027,0.5067940897,0.50817671823,0.509580066786,0.511015747927,0.512449306694,0.513859857549,0.515243676236,0.516623354881,0.518036613001,0.519481970043,0.520916808742,0.522276436576,0.523528625849,0.524667828029,0.525746236089,0.526801065599,0.527855660572,0.528876296727,0.529882699167,0.530879004814,0.531876800933,0.532937016993,0.53408255619,0.535303176274,0.53654227952,0.537705288103,0.538710171501,0.539590893357,0.540211459989,0.540611737013,0.540892923814,0.541112012745,0.541333393427,0.541644618249,0.542010021555,0.542390552991,0.542764387976,0.543015160452,0.543388613087,0.543966657211,0.54472850665,0.545509447535,0.546172705062,0.546539999383,0.546636552003,0.54663186253,0.546655849619,0.546886217869,0.547210121149,0.547534208516,2529.88,2509.66,2502.46,2506.57,2515.57,2527.03,2538.99,2550.42,2560.09,2567.29,2571.89,2573.69,2573.46,2571.75,2569.47,2566.59,2563.74,2561.16,2558.91,2557.28,2556.05,2554.73,2552.67,2549.04,2543.83,2536.97,2528.63,2519,2508.14,2496.28,2483.46,2470.15,2456.89,2444.06,2431.52,2419.36,2407.06,2394.26,2380.65,2365.81,2349.95,2332.86,2314.59,2295.26,2275.05,2254.06,2232.73,2211.46,2190.87,2171.22,2152.57,2134.86,2117.83,2101.29,2084.88,2068.28,2051.22,2033.24,2014.05,1993.53,1971.76,1949.06,1925.76,1902.09,1878.43,1855,1831.96,1809.62,1787.93,1767.09,1746.84,1726.99,1707.29,1687.61,1667.81,1648.04,1628.26,1608.43,1588.72,1568.94,1549.38,1530.12,1511.36,1493.2,1475.59,1458.32,1441.28,1424.33,1407.28,1390.12,1372.56,1354.57,1335.93,1316.62,1296.8,1276.72,1256.64,1236.77,1217.43,1198.77,1181.09,1164.46,1149.12,1135.05,1122.1,1110.08,1098.72,1087.78,1076.85,1065.62,1053.92,1041.58,1028.49,1014.62,1000.12,985.15,969.96,954.85,940.17,926.31,913.26,901.13,889.9,879.56,869.97,860.95,852.33,843.89,835.46,826.79,817.88,808.72,799.31,789.64,779.76,769.75,759.69,749.6,739.53,729.55,719.69,710,700.51,691.23,682.14,673.26,664.53,655.96,647.57,639.31,631.19,623.08,614.95,606.74,598.41,589.89,581.21,572.37,563.35,554.16,544.82,535.45,526.16,517.06,508.28,499.91,491.98,484.48,477.38,470.7,464.35,458.24,452.28,446.4,440.51,434.58,428.55,422.45,416.29,410.04,403.71,397.36,390.92,384.36,377.68,370.87,364,357.09,350.21,343.43,336.8,330.32,324.08,318.11,312.44,307.01,301.76,296.63,291.57,286.57,281.58,276.58,271.53,266.44,261.3,256.18,251.09,246.08,241.15,236.27,231.44,226.69,222.03,217.45,212.97,208.56,204.23,199.93,195.68,191.48,187.34,183.26,179.26,175.32,171.44,167.61,163.87,160.22,156.66,153.2,149.82,146.51,143.24,140.02,136.84,133.71,130.58,127.46,124.35,121.26,118.22,115.21,112.27,109.4,106.59,103.85,101.21,98.65,96.18,93.79,91.46,89.19,86.98,84.81,82.7,80.62,78.57,76.54,74.53,72.54,70.59,68.67,66.78,64.93,63.12,61.33,59.59,57.88,56.2,54.55,52.91,51.29,49.69,48.13,46.6,45.11,43.67,42.28,40.93,39.63,38.39,37.19,36.02,34.89,33.78,32.68,31.6,30.54,29.49,28.46,27.44,26.44,25.47,24.52,23.6,22.71,21.85,21.02,20.22,19.44,18.69,17.96,17.26,16.59,15.93,15.3,14.7,14.12,13.57,13.05,12.56,12.1,11.66,11.24,10.84,10.46,10.09,9.74,9.41,9.1,8.79,8.49,8.15,7.76,7.33,6.85,6.34,5.78,5.17,4.52,3.84,1414.93,1411.35,1414.79,1424.41,1436.65,1450.09,1463.46,1476.07,1487.22,1496.53,1503.97,1509.58,1513.69,1516.51,1518.6,1520.03,1521.3,1522.6,1523.9,1525.3,1526.62,1527.68,1528.2,1527.77,1526.36,1523.85,1520.29,1515.78,1510.45,1504.52,1498.08,1491.38,1484.67,1478.09,1471.56,1465.16,1458.64,1451.86,1444.64,1436.72,1428.15,1418.78,1408.61,1397.77,1386.43,1374.69,1362.78,1350.87,1339.22,1327.97,1317.19,1306.92,1297.06,1287.51,1278.01,1268.34,1258.32,1247.74,1236.5,1224.53,1211.86,1198.6,1184.9,1170.87,1156.78,1142.8,1129.04,1115.68,1102.65,1090.07,1077.8,1065.77,1053.85,1041.95,1029.94,1017.88,1005.7,993.41,981.14,968.83,956.62,944.55,932.67,921,909.55,898.2,886.95,875.72,864.36,852.86,841.08,829.05,816.73,804.17,791.49,778.79,766.17,753.73,741.67,730.1,719.19,708.96,699.53,690.84,682.79,675.28,668.19,661.38,654.6,647.66,640.43,632.78,624.66,616.06,607.1,597.88,588.55,579.27,570.24,561.68,553.61,546.1,539.14,532.74,526.8,521.21,515.86,510.62,505.39,500.01,494.48,488.8,482.95,476.91,470.73,464.43,458.08,451.72,445.38,439.11,432.94,426.89,420.94,415.11,409.38,403.78,398.28,392.87,387.56,382.33,377.15,372,366.85,361.7,356.52,351.24,345.86,340.38,334.78,329.09,323.33,317.57,311.86,306.24,300.8,295.58,290.63,285.95,281.52,277.34,273.34,269.47,265.69,261.94,258.2,254.43,250.59,246.69,242.73,238.68,234.57,230.42,226.21,221.92,217.54,213.08,208.55,203.98,199.42,194.91,190.48,186.14,181.93,177.88,173.99,170.26,166.65,163.14,159.69,156.26,152.83,149.38,145.9,142.42,138.92,135.42,131.94,128.48,125.06,121.69,118.38,115.15,111.98,108.89,105.88,102.95,100.12,97.4,94.77,92.24,89.81,87.47,85.23,83.08,81.01,79.02,77.1,75.25,73.47,71.74,70.08,68.46,66.88,65.33,63.81,62.31,60.81,59.34,57.87,56.43,55.01,53.62,52.26,50.95,49.67,48.44,47.26,46.12,45.03,43.97,42.95,41.95,40.98,40.02,39.09,38.17,37.26,36.37,35.48,34.6,33.74,32.9,32.07,31.26,30.47,29.69,28.93,28.17,27.43,26.7,25.97,25.25,24.53,23.83,23.14,22.46,21.81,21.18,20.56,19.97,19.4,18.85,18.31,17.78,17.26,16.75,16.24,15.73,15.24,14.74,14.25,13.77,13.3,12.84,12.38,11.94,11.51,11.09,10.69,10.3,9.92,9.55,9.2,8.86,8.53,8.21,7.9,7.61,7.32,7.05,6.79,6.55,6.31,6.09,5.87,5.67,5.47,5.29,5.11,4.94,4.78,4.63,4.44,4.24,4,3.75,3.46,3.16,2.83,2.48,2.1
6,886bef1b-8f9e-427b-a101-8a2f4a6acc5d,5/10/17,nihb,F02AC39AE134F4D8,None,0,lat -37.7906 lon 175.3175,no,0.553402755124,0.556313453224,0.559163174299,0.561950496579,0.564684094764,0.56733205345,0.569832101734,0.572142960101,0.574274351178,0.576244010978,0.578072530046,0.579827292658,0.581458841187,0.582931521716,0.58424828701,0.585451321319,0.586583575746,0.58766372319,0.58867095286,0.589573858243,0.590362510203,0.591069491064,0.591745790216,0.59242552933,0.593100145267,0.59373639824,0.59430968174,0.59481764122,0.595289883476,0.595765048622,0.59626290033,0.596773743971,0.597269226869,0.597721589078,0.598129378225,0.598508178467,0.598886375222,0.599292144632,0.59973133699,0.600195031185,0.600657499227,0.601094572792,0.601502105833,0.601896813881,0.602306359294,0.602751470043,0.603220178136,0.603678734171,0.60408689537,0.604431147556,0.604723309162,0.604998017861,0.605278534289,0.605568884315,0.605845730603,0.606089587268,0.606300959629,0.606507900383,0.606750169324,0.60704157702,0.607373532028,0.607715442074,0.608036682038,0.608330373479,0.608608094311,0.60888289461,0.609157437416,0.609415508322,0.60963486591,0.609801897384,0.609928313605,0.61003345424,0.61014043225,0.610247644353,0.61033887898,0.610387299926,0.610385041857,0.610337708255,0.610269090968,0.610202540009,0.610128213137,0.610016220413,0.609824418806,0.609522666977,0.609117223725,0.608637730386,0.608110190168,0.607548157771,0.606939621182,0.606270551221,0.605558219279,0.604847682044,0.604202245663,0.603670195394,0.603252120112,0.60291749981,0.602626129279,0.602355374637,0.60210791448,0.601902766002,0.601747743914,0.601632744587,0.601527866191,0.60140655861,0.601262947675,0.601109901267,0.60097441626,0.600865708134,0.600782346715,0.600703544925,0.600602735065,0.600465478431,0.600293507303,0.60010540864,0.599922606023,0.599762862688,0.599617385376,0.599480943966,0.599338308996,0.599182757718,0.599024934532,0.598871645333,0.598731567629,0.598603168087,0.598477160144,0.598342432088,0.598197532208,0.598040899139,0.597876780535,0.59771059836,0.597537003065,0.597355260357,0.597156720991,0.596931651716,0.596669931652,0.59636907053,0.596033422283,0.595681672563,0.595333516912,0.595000046123,0.594677758532,0.594351159005,0.594001208546,0.593623233301,0.593219935941,0.592807148361,0.592399696173,0.591992629469,0.591572678444,0.591126437943,0.590654955736,0.590180259225,0.589732362406,0.5893311065,0.58897899296,0.588646100367,0.58829318751,0.587903547862,0.587481332292,0.587055180746,0.586647657031,0.58625635088,0.585860555518,0.585425646353,0.584940441341,0.584417833425,0.583892636976,0.583385101504,0.582896188497,0.582403381164,0.581881606351,0.581323061271,0.58073228128,0.580128069828,0.579512503818,0.57887710913,0.578195510157,0.577445287346,0.576614112281,0.575694004222,0.574689607751,0.573600938718,0.572435475607,0.571195526116,0.569872581694,0.568449448519,0.566908357175,0.565240196729,0.563461080654,0.561591413218,0.559650667345,0.55763929385,0.555542917025,0.553353525675,0.551092213078,0.54880268482,0.546529897015,0.544281577653,0.542004896074,0.53964252113,0.537144426906,0.534513395564,0.531784846865,0.528987043363,0.526113253967,0.523123429961,0.51996375403,0.516630310863,0.513168096821,0.509642740572,0.506112190149,0.502591224786,0.499063828213,0.495516596865,0.491976269164,0.488517194243,0.48524711686,0.482224178262,0.479479588292,0.476999599058,0.474754089607,0.472735257337,0.470947361714,0.46942023842,0.468157444829,0.467120885875,0.466241925573,0.465473456527,0.464781430446,0.464170673996,0.463658022136,0.463243148128,0.462913971774,0.462623241425,0.462349265442,0.462088281783,0.461863001713,0.461696813942,0.461602281239,0.461571220582,0.461590770974,0.461660092201,0.461793719846,0.46201984303,0.462348509407,0.462773235822,0.46327173429,0.463819535895,0.464402612568,0.465019722082,0.465674932357,0.466366789331,0.467082533385,0.467806865071,0.468533298335,0.469270086466,0.470036195269,0.470849859297,0.471724942493,0.472667285049,0.473675446846,0.474746208134,0.475885198261,0.477096394176,0.478376173973,0.479704177016,0.481055520665,0.482408183272,0.483757567566,0.485114050893,0.486497508823,0.48791492058,0.489353116352,0.490791949895,0.492218955072,0.493651870979,0.495107426803,0.496594993172,0.498094139556,0.499560445333,0.500961674778,0.502309416869,0.503635146936,0.504972233152,0.506332248103,0.507681435158,0.508999829746,0.510284719972,0.511559700838,0.512863366043,0.514195707609,0.515516256235,0.51676255902,0.517904302622,0.518937542723,0.519915228871,0.520875304089,0.521841722977,0.522781943287,0.523715987657,0.524648085611,0.525589665304,0.526600796082,0.527703815487,0.528888244968,0.530097687623,0.531238166267,0.532228111638,0.533100532379,0.533720510747,0.534126880276,0.534419004135,0.534652601221,0.534890734518,0.535219366425,0.535602772216,0.53600188995,0.536394704008,0.536665832528,0.537057818103,0.537651342356,0.538425695589,0.53921684427,0.53988972543,0.540268221222,0.54037736363,0.540384851627,0.540419241691,0.540656309975,0.540984559205,0.54131163195,2529.88,2509.66,2502.46,2506.57,2515.57,2527.03,2538.99,2550.42,2560.09,2567.29,2571.89,2573.69,2573.46,2571.75,2569.47,2566.59,2563.74,2561.16,2558.91,2557.28,2556.05,2554.73,2552.67,2549.04,2543.83,2536.97,2528.63,2519,2508.14,2496.28,2483.46,2470.15,2456.89,2444.06,2431.52,2419.36,2407.06,2394.26,2380.65,2365.81,2349.95,2332.86,2314.59,2295.26,2275.05,2254.06,2232.73,2211.46,2190.87,2171.22,2152.57,2134.86,2117.83,2101.29,2084.88,2068.28,2051.22,2033.24,2014.05,1993.53,1971.76,1949.06,1925.76,1902.09,1878.43,1855,1831.96,1809.62,1787.93,1767.09,1746.84,1726.99,1707.29,1687.61,1667.81,1648.04,1628.26,1608.43,1588.72,1568.94,1549.38,1530.12,1511.36,1493.2,1475.59,1458.32,1441.28,1424.33,1407.28,1390.12,1372.56,1354.57,1335.93,1316.62,1296.8,1276.72,1256.64,1236.77,1217.43,1198.77,1181.09,1164.46,1149.12,1135.05,1122.1,1110.08,1098.72,1087.78,1076.85,1065.62,1053.92,1041.58,1028.49,1014.62,1000.12,985.15,969.96,954.85,940.17,926.31,913.26,901.13,889.9,879.56,869.97,860.95,852.33,843.89,835.46,826.79,817.88,808.72,799.31,789.64,779.76,769.75,759.69,749.6,739.53,729.55,719.69,710,700.51,691.23,682.14,673.26,664.53,655.96,647.57,639.31,631.19,623.08,614.95,606.74,598.41,589.89,581.21,572.37,563.35,554.16,544.82,535.45,526.16,517.06,508.28,499.91,491.98,484.48,477.38,470.7,464.35,458.24,452.28,446.4,440.51,434.58,428.55,422.45,416.29,410.04,403.71,397.36,390.92,384.36,377.68,370.87,364,357.09,350.21,343.43,336.8,330.32,324.08,318.11,312.44,307.01,301.76,296.63,291.57,286.57,281.58,276.58,271.53,266.44,261.3,256.18,251.09,246.08,241.15,236.27,231.44,226.69,222.03,217.45,212.97,208.56,204.23,199.93,195.68,191.48,187.34,183.26,179.26,175.32,171.44,167.61,163.87,160.22,156.66,153.2,149.82,146.51,143.24,140.02,136.84,133.71,130.58,127.46,124.35,121.26,118.22,115.21,112.27,109.4,106.59,103.85,101.21,98.65,96.18,93.79,91.46,89.19,86.98,84.81,82.7,80.62,78.57,76.54,74.53,72.54,70.59,68.67,66.78,64.93,63.12,61.33,59.59,57.88,56.2,54.55,52.91,51.29,49.69,48.13,46.6,45.11,43.67,42.28,40.93,39.63,38.39,37.19,36.02,34.89,33.78,32.68,31.6,30.54,29.49,28.46,27.44,26.44,25.47,24.52,23.6,22.71,21.85,21.02,20.22,19.44,18.69,17.96,17.26,16.59,15.93,15.3,14.7,14.12,13.57,13.05,12.56,12.1,11.66,11.24,10.84,10.46,10.09,9.74,9.41,9.1,8.79,8.49,8.15,7.76,7.33,6.85,6.34,5.78,5.17,4.52,3.84,1400.04,1396.16,1399.28,1408.57,1420.5,1433.67,1446.8,1459.21,1470.19,1479.39,1486.74,1492.3,1496.36,1499.16,1501.21,1502.62,1503.85,1505.1,1506.36,1507.71,1509,1510.02,1510.53,1510.12,1508.75,1506.29,1502.79,1498.35,1493.07,1487.2,1480.79,1474.12,1467.43,1460.87,1454.36,1448.01,1441.56,1434.86,1427.75,1419.95,1411.51,1402.27,1392.23,1381.51,1370.27,1358.64,1346.83,1335.01,1323.47,1312.35,1301.71,1291.59,1281.88,1272.48,1263.12,1253.57,1243.65,1233.18,1222.02,1210.16,1197.6,1184.47,1170.93,1157.1,1143.23,1129.48,1115.95,1102.81,1089.98,1077.57,1065.45,1053.52,1041.68,1029.86,1017.93,1005.94,993.86,981.69,969.55,957.37,945.32,933.4,921.67,910.14,898.81,887.59,876.46,865.35,854.14,842.79,831.16,819.31,807.17,794.8,782.3,769.76,757.29,744.97,733.02,721.54,710.72,700.58,691.23,682.63,674.68,667.28,660.3,653.61,646.95,640.12,632.99,625.44,617.4,608.88,599.99,590.86,581.6,572.42,563.48,555.03,547.07,539.66,532.81,526.51,520.65,515.14,509.86,504.68,499.5,494.18,488.71,483.09,477.31,471.36,465.26,459.06,452.8,446.52,440.27,434.08,427.98,421.99,416.1,410.33,404.66,399.11,393.67,388.32,383.08,377.92,372.81,367.73,362.65,357.57,352.45,347.24,341.92,336.5,330.96,325.32,319.62,313.91,308.26,302.7,297.31,292.16,287.26,282.64,278.27,274.14,270.2,266.38,262.65,258.97,255.28,251.57,247.78,243.94,240.04,236.06,232.01,227.92,223.78,219.55,215.23,210.82,206.35,201.84,197.33,192.87,188.49,184.2,180.04,176.03,172.18,168.49,164.92,161.45,158.03,154.65,151.25,147.84,144.4,140.94,137.47,134.01,130.56,127.13,123.75,120.41,117.13,113.93,110.81,107.75,104.77,101.89,99.1,96.41,93.82,91.33,88.94,86.63,84.42,82.3,80.26,78.3,76.4,74.58,72.81,71.11,69.47,67.87,66.31,64.77,63.27,61.78,60.31,58.85,57.4,55.97,54.57,53.19,51.85,50.54,49.28,48.06,46.89,45.75,44.67,43.61,42.59,41.6,40.63,39.68,38.75,37.83,36.93,36.04,35.16,34.29,33.44,32.6,31.78,30.98,30.19,29.42,28.67,27.92,27.19,26.46,25.74,25.03,24.32,23.62,22.94,22.27,21.62,20.99,20.39,19.8,19.23,18.68,18.14,17.62,17.1,16.59,16.08,15.58,15.09,14.59,14.11,13.63,13.16,12.7,12.25,11.81,11.38,10.97,10.57,10.18,9.8,9.44,9.09,8.75,8.43,8.11,7.81,7.51,7.23,6.97,6.71,6.47,6.23,6.01,5.8,5.6,5.41,5.23,5.05,4.89,4.72,4.57,4.39,4.19,3.96,3.7,3.42,3.12,2.8,2.45,2.08